/*
SQLyog Ultimate v9.50 
MySQL - 5.5.5-10.1.31-MariaDB : Database - ftwadb
*********************************************************************
*/

/*!40101 SET NAMES utf8 */;

/*!40101 SET SQL_MODE=''*/;

/*!40014 SET @OLD_UNIQUE_CHECKS=@@UNIQUE_CHECKS, UNIQUE_CHECKS=0 */;
/*!40014 SET @OLD_FOREIGN_KEY_CHECKS=@@FOREIGN_KEY_CHECKS, FOREIGN_KEY_CHECKS=0 */;
/*!40101 SET @OLD_SQL_MODE=@@SQL_MODE, SQL_MODE='NO_AUTO_VALUE_ON_ZERO' */;
/*!40111 SET @OLD_SQL_NOTES=@@SQL_NOTES, SQL_NOTES=0 */;
CREATE DATABASE /*!32312 IF NOT EXISTS*/`ftwadb` /*!40100 DEFAULT CHARACTER SET latin1 */;

USE `ftwadb`;

/*Table structure for table `tblasrslt_data` */

DROP TABLE IF EXISTS `tblasrslt_data`;

CREATE TABLE `tblasrslt_data` (
  `aid` int(11) NOT NULL AUTO_INCREMENT,
  `id` int(15) DEFAULT NULL,
  `sid` int(5) DEFAULT NULL,
  `qno` varchar(3) DEFAULT NULL,
  `rno` varchar(3) DEFAULT NULL,
  `ans` varchar(50) DEFAULT NULL,
  `aky` varchar(50) DEFAULT NULL,
  `rslt` int(2) DEFAULT '0',
  `ascode` varchar(10) DEFAULT NULL,
  `syr` varchar(15) DEFAULT NULL,
  PRIMARY KEY (`aid`),
  KEY `sid` (`sid`),
  KEY `id` (`id`),
  CONSTRAINT `FK_tblasrslt_data` FOREIGN KEY (`id`) REFERENCES `tblreslst_data` (`id`) ON DELETE CASCADE ON UPDATE CASCADE,
  CONSTRAINT `tblasrslt_data_ibfk_1` FOREIGN KEY (`sid`) REFERENCES `tblsinfo_data` (`id`) ON DELETE CASCADE ON UPDATE CASCADE
) ENGINE=InnoDB AUTO_INCREMENT=36 DEFAULT CHARSET=latin1;

/*Data for the table `tblasrslt_data` */

insert  into `tblasrslt_data`(`aid`,`id`,`sid`,`qno`,`rno`,`ans`,`aky`,`rslt`,`ascode`,`syr`) values (26,8,32,'1','19','C','C',1,'as1','2017 - 2018'),(27,8,32,'2','45','D','D',1,'as1','2017 - 2018'),(28,8,32,'3','1','A','A',1,'as1','2017 - 2018'),(29,8,32,'4','18','C','B',0,'as1','2017 - 2018'),(30,8,32,'5','17','C','C',1,'as1','2017 - 2018'),(31,9,33,'1','17','C','C',1,'as1','2017 - 2018'),(32,9,33,'2','45','D','D',1,'as1','2017 - 2018'),(33,9,33,'3','19','C','C',1,'as1','2017 - 2018'),(34,9,33,'4','15','B','B',1,'as1','2017 - 2018'),(35,9,33,'5','1','A','A',1,'as1','2017 - 2018');

/*Table structure for table `tblassess_set` */

DROP TABLE IF EXISTS `tblassess_set`;

CREATE TABLE `tblassess_set` (
  `id` int(5) NOT NULL AUTO_INCREMENT,
  `ascode` varchar(10) DEFAULT NULL,
  `scdsc` varchar(30) DEFAULT NULL,
  `stat` varchar(5) DEFAULT 'none',
  PRIMARY KEY (`id`)
) ENGINE=InnoDB AUTO_INCREMENT=24 DEFAULT CHARSET=latin1;

/*Data for the table `tblassess_set` */

insert  into `tblassess_set`(`id`,`ascode`,`scdsc`,`stat`) values (1,'as1','Paunang Pagsusulit','none'),(2,'as2','Unang Pagsusulit','none'),(3,'as3','Ikalawang Pagsusulit','none'),(4,'as4','Ikatlong Pagsusulit','none'),(5,'as5','Ikaapat na Pagsusulit','none'),(6,'as6','Panapos na Pagsusulit','none'),(7,'qz1','Maikling Pagsusulit 1','none'),(8,'qz2','Maikling Pagsusulit 2','none'),(9,'qz3','Maikling Pagsusulit 3','none'),(10,'qz4','Maikling Pagsusulit 4','none'),(11,'qz5','Maikling Pagsusulit 5','none'),(12,'qz6','Maikling Pagsusulit 6','none'),(13,'qz7','Maikling Pagsusulit 7','none'),(14,'qz8','Maikling Pagsusulit 8','none'),(15,'lq1','Mahabang Pagsusulit 1','none'),(16,'lq2','Mahabang Pagsusulit 2','none'),(18,'lq3','Mahabang Pagsusulit 3','none'),(19,'lq4','Mahabang Pagsusulit 4','none'),(20,'lq5','Mahabang Pagsusulit 5','none'),(21,'lq6','Mahabang Pagsusulit 6','none'),(22,'lq7','Mahabang Pagsusulit 7','none'),(23,'lq8','Mahabang Pagsusulit 8','none');

/*Table structure for table `tblfaculty_asses` */

DROP TABLE IF EXISTS `tblfaculty_asses`;

CREATE TABLE `tblfaculty_asses` (
  `id` int(5) NOT NULL AUTO_INCREMENT,
  `ascode` varchar(10) DEFAULT NULL,
  `scdsc` varchar(30) DEFAULT NULL,
  `stat` varchar(5) DEFAULT 'none',
  `fid` varchar(5) DEFAULT NULL,
  `itm` int(3) DEFAULT '0',
  `grde` int(5) DEFAULT NULL,
  `sec` varchar(30) DEFAULT NULL,
  `used` varchar(1) DEFAULT 'N',
  PRIMARY KEY (`id`)
) ENGINE=InnoDB AUTO_INCREMENT=4 DEFAULT CHARSET=latin1;

/*Data for the table `tblfaculty_asses` */

insert  into `tblfaculty_asses`(`id`,`ascode`,`scdsc`,`stat`,`fid`,`itm`,`grde`,`sec`,`used`) values (1,'as1','Paunang Pagsusulit','block','2',10,1,'Kamagong','Y'),(2,'as2','Unang Pagsusulit','none','2',50,1,'Kamagong','Y'),(3,'as3','Ikalawang Pagsusulit','none','2',10,1,'Kamagong','Y');

/*Table structure for table `tblfaculty_sched` */

DROP TABLE IF EXISTS `tblfaculty_sched`;

CREATE TABLE `tblfaculty_sched` (
  `id` int(15) NOT NULL AUTO_INCREMENT,
  `fid` int(10) DEFAULT NULL,
  `grde` varchar(50) DEFAULT NULL,
  `sec` varchar(50) DEFAULT NULL,
  `syr` varchar(15) DEFAULT NULL,
  PRIMARY KEY (`id`)
) ENGINE=InnoDB AUTO_INCREMENT=3 DEFAULT CHARSET=latin1;

/*Data for the table `tblfaculty_sched` */

insert  into `tblfaculty_sched`(`id`,`fid`,`grde`,`sec`,`syr`) values (1,2,'1','Kamagong','2017 - 2018'),(2,2,'1','Narra','2017 - 2018');

/*Table structure for table `tblforum_data` */

DROP TABLE IF EXISTS `tblforum_data`;

CREATE TABLE `tblforum_data` (
  `id` int(10) NOT NULL AUTO_INCREMENT,
  `subj` varchar(100) DEFAULT NULL,
  `info` text,
  `sndr` varchar(100) DEFAULT NULL,
  `eadd` varchar(60) DEFAULT NULL,
  `dte` varchar(12) DEFAULT NULL,
  `stat` varchar(1) DEFAULT 'Y',
  PRIMARY KEY (`id`)
) ENGINE=InnoDB AUTO_INCREMENT=10 DEFAULT CHARSET=latin1;

/*Data for the table `tblforum_data` */

insert  into `tblforum_data`(`id`,`subj`,`info`,`sndr`,`eadd`,`dte`,`stat`) values (1,'Sample Forum Post','Sample Forum Post','Juan Pinagpala','jpinagpala@gmail.com','2018-02-16','Y'),(2,'Testing','testing po','Gerry G. Geronimo','3gme@gmail.com','2018-03-23','Y'),(9,'Sample Message','Message for Testing','Juan Pinagpala','midgrifter@gmail.com','2018-07-28','N');

/*Table structure for table `tblgrade_data` */

DROP TABLE IF EXISTS `tblgrade_data`;

CREATE TABLE `tblgrade_data` (
  `id` int(5) NOT NULL AUTO_INCREMENT,
  `grd` varchar(15) NOT NULL,
  `stat` varchar(1) DEFAULT 'Y',
  PRIMARY KEY (`id`)
) ENGINE=InnoDB AUTO_INCREMENT=5 DEFAULT CHARSET=latin1;

/*Data for the table `tblgrade_data` */

insert  into `tblgrade_data`(`id`,`grd`,`stat`) values (1,'Grade-11','Y'),(4,'Grade-12','Y');

/*Table structure for table `tblmodule_data` */

DROP TABLE IF EXISTS `tblmodule_data`;

CREATE TABLE `tblmodule_data` (
  `id` int(10) NOT NULL AUTO_INCREMENT,
  `fid` int(10) DEFAULT NULL,
  `title` varchar(100) DEFAULT NULL,
  `flink` text,
  `syr` varchar(15) DEFAULT NULL,
  PRIMARY KEY (`id`),
  KEY `mid` (`fid`)
) ENGINE=InnoDB AUTO_INCREMENT=3 DEFAULT CHARSET=latin1;

/*Data for the table `tblmodule_data` */

insert  into `tblmodule_data`(`id`,`fid`,`title`,`flink`,`syr`) values (1,2,'SQL Commands','<iframe src=\"https://docs.google.com/presentation/d/e/2PACX-1vR1ZyyU1WlzQLK-cL6x8-UOzohkWZyxakzemb1EI9k8JFqGma1t9sjzhjVn1p1h3Q/embed?start=true&loop=true&delayms=30000\" frameborder=\"0\" width=\"1280\" height=\"749\" allowfullscreen=\"true\" mozallowfullscreen=\"true\" webkitallowfullscreen=\"true\"></iframe>','2022-2023'),(2,2,'Philippine History','<iframe src=\"https://docs.google.com/presentation/d/e/2PACX-1vQ6CMug9aFZe-FioeIiZl8Ly78hzBJB9mmgX-OdjPIyFLRbkKJ7ahQwZZnbt1urHAMT-uMut4VRIoQC/embed?start=true&loop=true&delayms=30000\" frameborder=\"0\" width=\"960\" height=\"749\" allowfullscreen=\"true\" mozallowfullscreen=\"true\" webkitallowfullscreen=\"true\"></iframe>','2022-2023');

/*Table structure for table `tblmodule_stud` */

DROP TABLE IF EXISTS `tblmodule_stud`;

CREATE TABLE `tblmodule_stud` (
  `id` int(10) DEFAULT NULL,
  `grde` varchar(50) DEFAULT NULL,
  `sec` varchar(50) DEFAULT NULL,
  KEY `FK_tblmodule_stud` (`id`),
  CONSTRAINT `FK_tblmodule_stud` FOREIGN KEY (`id`) REFERENCES `tblmodule_data` (`id`) ON DELETE CASCADE ON UPDATE CASCADE
) ENGINE=InnoDB DEFAULT CHARSET=latin1;

/*Data for the table `tblmodule_stud` */

/*Table structure for table `tblnews_data` */

DROP TABLE IF EXISTS `tblnews_data`;

CREATE TABLE `tblnews_data` (
  `id` int(10) NOT NULL AUTO_INCREMENT,
  `title` varchar(200) DEFAULT NULL,
  `info` text,
  `dte` varchar(20) DEFAULT NULL,
  `tme` varchar(20) DEFAULT NULL,
  `ploc` varchar(100) NOT NULL DEFAULT 'missing.jpg',
  `actv` varchar(1) DEFAULT 'N',
  PRIMARY KEY (`id`,`ploc`)
) ENGINE=InnoDB AUTO_INCREMENT=13 DEFAULT CHARSET=latin1;

/*Data for the table `tblnews_data` */

insert  into `tblnews_data`(`id`,`title`,`info`,`dte`,`tme`,`ploc`,`actv`) values (1,'asdasdas','asdasdasdasdd','07-17-2018','03:37:17 AM','logox.png','Y'),(9,'sample po','<p>asdasdasdasdas asda sd asd as dasdasd</p>\r\n<p>&nbsp;aadsdas</p>\r\n<p>dasdasdas &nbsp;asddasda a asdasdasdas</p>','07-17-2018','10:39:11 PM','logox.png','Y'),(12,'qwerty','qweerty','2018-08-28','02:55:51 AM','emil.jpg','Y');

/*Table structure for table `tblquest_data` */

DROP TABLE IF EXISTS `tblquest_data`;

CREATE TABLE `tblquest_data` (
  `id` int(15) NOT NULL AUTO_INCREMENT,
  `ascode` varchar(10) DEFAULT NULL,
  `fid` int(10) DEFAULT NULL,
  `grde` varchar(50) DEFAULT NULL,
  `sec` varchar(50) DEFAULT NULL,
  `syr` varchar(15) DEFAULT NULL,
  `qst` varchar(500) DEFAULT NULL COMMENT 'xm/qz questions',
  `qa1` varchar(50) DEFAULT NULL,
  `qa2` varchar(50) DEFAULT NULL,
  `qa3` varchar(50) DEFAULT NULL,
  `qa4` varchar(50) DEFAULT NULL,
  `qky` varchar(50) DEFAULT NULL COMMENT 'key',
  KEY `id` (`id`)
) ENGINE=InnoDB AUTO_INCREMENT=53 DEFAULT CHARSET=latin1;

/*Data for the table `tblquest_data` */

insert  into `tblquest_data`(`id`,`ascode`,`fid`,`grde`,`sec`,`syr`,`qst`,`qa1`,`qa2`,`qa3`,`qa4`,`qky`) values (1,'as1',2,'1','Kamagong','2017 - 2018','What are intellectual property rights?','Patent, trademark, copyright, trademark, trade ','Patent, trades, copyright, trade secret','Patent, trademark, corporate, trade secret','none of the above','A'),(15,'as1',2,'1','Kamagong','2017 - 2018','Which is NOT an intellectual property issue?','Poor Trademark Selection','Poor Trademark Logos','Errors in Licensing','none of the above','B'),(17,'as1',2,'1','Kamagong','2017 - 2018','Choose the correct definition of patent;','Exclusive right to reproduce, distribute, modify, ','Permit the owner to “include” others from making, ','Permit the owner to “exclude” others from making, ','none of the above','C'),(18,'as1',2,'1','Kamagong','2017 - 2018','Choose the correct definition of copyright','Permit the owner to “include” others from making, ','Exclusive right to reproduce, distribute, modify, ','To copy the information the right way.','none of the above','B'),(19,'as1',2,'1','Kamagong','2017 - 2018','Which is the most common mistake of intellectual property rights?','Missing opportunity for patent protection','Use of trade secrets from prior employer','Failure to secure ownership','none of the above','C'),(33,'as1',2,'1','Kamagong','2017 - 2018','Typing in all capitals in electronic communications means:','this message is very important.	','you are shouting.','it\'s okay to forward this message to others.','nothing special--typing in all caps is normal.','B'),(34,'as2',2,'1','Kamagong','2017 - 2018','It is OK to forward or post an email message that you received if','this message is very important.	','Use of trade secrets from prior employer','it\'s okay to forward this message to others.','none of the above','C'),(45,'as1',2,'1','Kamagong','2017 - 2018','dfgdfgdfg','dfgdfg','dfgdcvb','dfgdcvb','c vbcvb','D'),(46,'as1',2,'1','Narra','2017 - 2018','dfgdfgdfg','dfgdfg','dfgdcvb','dfgdcvb','c vbcvb','D'),(47,'as1',2,'1','Narra','2017 - 2018','cbcvbcvb','cvbcv','vbvcbvcb','vbvcbvcb','ryrtyrty','A'),(48,'as2',2,'1','Kamagong','2017 - 2018','cvbbcvbcv','cvbvcb','cvbcvb','cvbcvb','jhjkhjkhjkjhk','A'),(49,'as2',2,'1','Narra','2017 - 2018','cvbbcvbcv','cvbvcb','cvbcvb','cvbcvb','jhjkhjkhjkjhk','A'),(52,'as3',2,'1','Kamagong','2017 - 2018','xvxcvxc','xcvxcv','werwer','werwer','yuiyui','A');

/*Table structure for table `tblreslst_data` */

DROP TABLE IF EXISTS `tblreslst_data`;

CREATE TABLE `tblreslst_data` (
  `id` int(5) NOT NULL AUTO_INCREMENT,
  `sid` int(5) DEFAULT NULL,
  `res` int(4) DEFAULT NULL,
  `ovr` int(4) DEFAULT NULL,
  `rte` varchar(10) DEFAULT NULL,
  `ascode` varchar(10) DEFAULT NULL,
  `syr` varchar(15) DEFAULT NULL,
  `fid` int(10) DEFAULT NULL,
  `grde` int(5) DEFAULT NULL,
  `sec` varchar(30) DEFAULT NULL,
  `adte` varchar(12) DEFAULT NULL,
  PRIMARY KEY (`id`),
  KEY `id` (`id`)
) ENGINE=InnoDB AUTO_INCREMENT=10 DEFAULT CHARSET=latin1;

/*Data for the table `tblreslst_data` */

insert  into `tblreslst_data`(`id`,`sid`,`res`,`ovr`,`rte`,`ascode`,`syr`,`fid`,`grde`,`sec`,`adte`) values (8,32,4,5,'PASSED','as1','2017 - 2018',2,1,'Kamagong','08-28-2018'),(9,33,5,5,'PASSED','as1','2017 - 2018',2,1,'Kamagong','08-28-2018');

/*Table structure for table `tblsection_data` */

DROP TABLE IF EXISTS `tblsection_data`;

CREATE TABLE `tblsection_data` (
  `id` int(5) NOT NULL AUTO_INCREMENT,
  `grd` int(5) DEFAULT NULL,
  `sect` varchar(30) DEFAULT NULL,
  `fid` int(5) DEFAULT NULL,
  `stat` varchar(1) DEFAULT 'Y',
  KEY `id` (`id`),
  KEY `FK_tblsection_data` (`grd`),
  CONSTRAINT `FK_tblsection_data` FOREIGN KEY (`grd`) REFERENCES `tblgrade_data` (`id`) ON DELETE CASCADE ON UPDATE CASCADE
) ENGINE=InnoDB AUTO_INCREMENT=5 DEFAULT CHARSET=latin1;

/*Data for the table `tblsection_data` */

insert  into `tblsection_data`(`id`,`grd`,`sect`,`fid`,`stat`) values (1,1,'Narra',2,'Y'),(4,1,'Kamagong',2,'Y');

/*Table structure for table `tblsinfo_data` */

DROP TABLE IF EXISTS `tblsinfo_data`;

CREATE TABLE `tblsinfo_data` (
  `id` int(10) NOT NULL AUTO_INCREMENT,
  `lnme` varchar(30) DEFAULT NULL,
  `fnme` varchar(30) DEFAULT NULL,
  `mnme` varchar(30) DEFAULT NULL,
  `eadd` varchar(60) DEFAULT NULL,
  `cno` varchar(11) DEFAULT NULL,
  `ploc` longblob,
  `sqt` varchar(100) DEFAULT NULL,
  `sqa` varchar(25) DEFAULT NULL,
  `usr` varchar(15) DEFAULT NULL,
  `pwd` varchar(45) DEFAULT NULL,
  `alyas` varchar(100) DEFAULT NULL,
  `grde` varchar(50) DEFAULT NULL,
  `sec` varchar(50) DEFAULT NULL,
  `actv` varchar(1) DEFAULT 'Y',
  `typ` varchar(10) DEFAULT 'STUDENT',
  `login` varchar(1) DEFAULT 'N',
  KEY `id` (`id`)
) ENGINE=InnoDB AUTO_INCREMENT=34 DEFAULT CHARSET=latin1;

/*Data for the table `tblsinfo_data` */

insert  into `tblsinfo_data`(`id`,`lnme`,`fnme`,`mnme`,`eadd`,`cno`,`ploc`,`sqt`,`sqa`,`usr`,`pwd`,`alyas`,`grde`,`sec`,`actv`,`typ`,`login`) values (2,'Sarossa','Myrtle','M.','MyrtleSarossa@gmail.com','09169652259','iVBORw0KGgoAAAANSUhEUgAAAMgAAAD6CAYAAADk6gg4AAAAAXNSR0IArs4c6QAAIABJREFUeF7t3QncbVP9P/DdRKEkU6JQiMwkMidkJpIpySUlU2UIiSYUMhcKyRQhQ+a5zJV5SMYUKUOiqDT8/r3X39K279nn7H2ec57n7HPWer3u6z73PntYe63v5zt/v+tV//ffkaWRViCtQMsVeFUCSKKMtALlK5AAkqgjrUCbFUgASeSRViABJNFAWoHuViBJkO7WLd01IiuQADIiG50+s7sVSADpbt3SXSOyAgkgI7LR6TO7W4EEkO7WLd01IiuQADIiG50+s7sVSADpbt16dpdMnz//+c/Z448/Hp45yyyzZG9+85uzV73qVS+/48UXX8xe97rXveL/ejaB9KC2K5AAMsEE8sADD2RnnnlmIP4pppgim3rqqbMVVlghe/e735098cQT2U9/+tPsL3/5S/aPf/wje8c73pGttNJK2Rve8IYJnvXovD4BpI97/e9//zu77777sl/96lfZ73//+2yqqabKFltssWyhhRbKXv3qV4c377rrrtn73ve+bIEFFshe+9rXZn/4wx+yhx9+OFtqqaWyW265JXvjG98YrgUS//+nP/0p22233bLpp5++jzNPj44rkADSB1q49957s2OPPTa7/fbbsznmmCMA4u1vf3sg9Lvuuiv8vPnmm2c///nPs4suuiibNGlS9prXvCbMhMr1t7/9LfvNb36Tve1tb8umnXbaIF3i/992223ZlVdemR1xxBEv39OHT0iPfGkFEkB6SApshVNOOSX7yU9+EogeMEiF4rjiiiuyt771rdnPfvaz7OMf/3hQq+qM6667LkilPffcs+Xz6zwrXdt+BRJAekQhbITTTz89e/TRR7NNNtkkm3LKKds++frrr88eeuih7GMf+1hXM7jhhhuyd73rXdncc8+dPfLII0HqAKP/m2aaabp6Zrpp8hVIAOkRVdx4440Zg5sRXWU89dRT2R//+Mds/vnnr3L5ZNcA5D333BMMdrYJT9jzzz8fpBH1baaZZurquemmV65AAkgPKIIxfvTRR2errbZaZQ8TdYxd0UnStJvec889l3nOW97ylmDf/PWvf81++ctfZo899lgw/tMY+wokgFRcQ16k8847L7vpppuyGWecMRA2Lr3uuusGyfGf//wnGN9VR6x0zsc7qt7b7jpgveqqq7J55503eMfSGNsKJIC0WT9E/8wzz2QnnHBCduGFF2YbbbRRtvLKK2evf/3rw1249y9+8YvgTeKWHaTBxuEFe+GFFwJ4Z5tttmzOOeesLOEG6Vsmci4JICWrT8cnLU477bRgJ6yzzjqNcqtStzgMfve73wVbh5QTO/n85z8fJGAa1VYgAaTFOv39738PUgOBrb766oHzlg3c2YiBv2rLPv5X/etf/wpR+SeffDLbZpttkqer4hYkgBQWCjgOPPDAoIqsueaaIZLN6OVKZXfgvrPOOmvIjTJwauAQJa8z/vnPf4bL43Pq3NvttewewUmq15JLLtntY0bqvgSQwnafeuqpId2DSsUjxH278MILhxQRLlSxhnzioKj5XHPNVTtgxwNlvOlNb+oLwXEqAG2M0MeXkCQPPvhgBqDULvPABJZZZplswQUXbJQa2ZeFKzw0AeSlBaEqsTmOOuqobKeddspOOumkbL755svWXnvttvvAGF566aVr7xXj35huuulq31vlBpLN6BQ09N2AwkP361//OvvkJz8ZHBGYQa89bFXmPWjXJID8d0e4RnmjpIksu+yy4ecNNtggm3322dvuFy4MVO6pOxjPRh3XcJ13PPvss+FyuVxVh3t++MMfhoDjRz/60WzRRRcNGcajPEYeIFSMyy67LHh7EDzOKRpeRfXBeen10j3qDu/jJpYa0o/RrYTyPfK8JESSoJttttnAOyD6sX7xmSMJEHlL7AwZswgVUUjXEFxjvFaNbks6JD2qXp/fSO99+umns0UWWaQv++vZRrdp8e4/+eSTgxTZeOON+zLHJjx0JAFC7xZtlix47bXXhuKkVVddNUTGW2Xflm3kj3/842z99dfvap/FJoCUA6AfQ7GVMZacLIb+kUceme2+++7BczeKY+QAwosjyU9k3N+bbrppSEvvZsjeFV3vZiDgu+++O/vABz7Qze0d7+kFQLzEGnFzS8sfRaN95ACiSo/hKcFvrINRT0fvZgjYKX5aZZVVurm94z0klDHzzDN3vLbdBeyyb3/729nnPve5UC8/amOkAEK12m+//UI6eC8CdD/4wQ+yLbbYoiuaYUQrmJLs2I+B6xu9UI2UCwswcgH3Yt368b39euZIAUSA7IILLsg+8pGPBLVBVV8xkFZnoceiYolT8J59+MMfrvPKytd260bm4v3tb38baujVvwOyyDvVtFPaTeXJNejCkQKI+m8tdcQ3eGmoWyLIddNE4v6OBSBSWnQz6baisBONSY0x2sVygFR+llgJD94MM8wQMn+5n6lW4kM8fuwQZcTmfMghh/TNNd3pmybi9yMFkEsvvTR0D4kDIfBE8fSIhsupqtN/im6+3XbbdbVvXMsA1i8XKhe2oWlEfgCAFPhzzz03ED8ng1STTsN8b7311uzwww/Pttpqq2y99dYLttywG+4jARCckNGqOVsrQ5PqpRGCtA9BPyBR80HatGuooIrw05/+dCfaKv29qLX69X6MO+64I0gE6lEc1Kc777wz5Jd96EMfCoHAusMzvvOd74TnAkovnB115zCe1w89QKhSGhyIb5AU7I5WA4cEIvlIakEMaob/F+0WKymmtI9Fgnj+xRdfHMp0+zHOP//8bPnll385I4AtweaRpfzBD36wa7XSXEkhc1dXv8MOO9TuytKP7+3XM4caIAxNdR2LL754IPA6eUU4JcAgLAE90gdh5WtDBNG23377rvfmmmuuyZZbbrm29zOOjToBTNfry7XlllsGJwRV8vvf/37ISPZnLI6JOFnMQ5CVIf+Zz3ymJ8/seiH7eOPQAkSgbO+99w5EwtXZbUETCcI4RQgyXqVuiJ4j2BNPPDFk+3abkUtaAW670W1afAQvQvYzSTXPPPP0lJCBl6QaZu/WUAKEiiQ9AvHyzvRyxH5WG264YYgNyMPqtjkCzt5JqnWTlSuJUsvTNdZYIxjWVCJStB+DO5k3jHQdxjF0AOGZOfTQQ0PlHwLpx2DoaiH6/ve/P6S7d5tuUmVu3SQdMv5XXHHF4Gi4/PLLg8epXwE+DhDvIKmHcQwdQM4+++yQmdsv92kkAm5UsQb9d3fcccfKtKHO3dBlpMoQtGNY5xstIEru1VZqo99F5wEbRzJktypglfm5Rv1MvzICqs6hX9cNFUBEx/faa6/QNI2Ltp+D2sKVesYZZwRbp0rKu/JcsRh2Db2dTdBpeIdjD/Lf4zu5WVvFIDgVcHRuXHZTMQ7S6X3d/J6Uoy5SZ+v2Ge7mfeN5z9AABMFqaYMwZOeORwCLkcpLttZaa5W6j+NmxvgBVQTnl8fF+9MJWFdffXWwcfLRfmpdWdMFtgebIAZEO9k4vSA2a8/ly/X72c9+9uW+Yb149kQ/Y2gAcv/99wev0rbbbjuua0oqGK2cAfmWQFLbOQ+4WQ0NIVQtdpIiP/rRj172msUPk6pfZl95ruDdO9/5zlesw3i0JwJOKu63vvWt2m7pcd20Gi8bGoDg5PT697znPS0/n1qDs1JBqAO4uHgA4xWXpad3Ex9gU1B5WnF0BUd+BzzSShRlRXtAXEVpa6dm19/73vdCFm0cbAwJl7qutBrHHXdccBoUmzWwZQCyW9XT+gG4NBU/k2icAEVJHR0E/fKa1aDtnlw6FAChvnzhC18INQvF48lsJoMaB/czEMTjzgDD9dQcCXvSUOp6e4BN0qHCq1ZDzQhuDyCf+tSnwruB1DuVtGriVjaAAcHnr6HvSx5sFWBkc5x11lmvAJRncxUzpB3tVvZ93gXM5mcdioFJa+c5VClxIT8DjGvz8RVuXxLuK1/5Sk8IdKIfMhQAkWmKcHDo/LCR9GJEwajFPRUQAUWe87ElcHscthspIuFRHKBVBxEeJdF3hna0C8RP1HoLsrEvymo2ENvNN98c3LRxiHEAZStJCaiem28E4duARtpJqzw0wJDVTMIgdOtEyrULrAo+CsQKYlKrSENp+9bW7/bZZ5/sm9/85piLtSYaHN4/FADZY489AnfOG6Q4naYKsnRFv4ugaLf4iKYOUEgE+V6t7ALgIb3MEVfG5REXtUtVoXSNspoQ4GZL5O0URVb+r+gmxs2pmdSxPHEjYGqg0t6iOoSBSEkBYM0nqE11JSiVi7ub/ae6EhOQ8+Vbu622HARgxDk0HiCIkyGbb/BGmiCMJZZYoitjUTMHKhCOWzVFBffG6YuqCXXI/L785S+HNZc57NmRwOVIfeITn5iMeKk0Uss1sYuDoS0IKv+r6J2iRuLo+fp6oGEwuz7fxigmZnq+6spusnqLROwAny9+8Ysh/mTdDzvssDDX8fAm9hNQjQcIYpaUiAviZr3ywwMYYtfYrQpXRfjeXcwWprpQqVQxGuowqILRVjrnnHOC5CkSPFVFl8d8EJKnji3Ryt4hLXWhj+8nHdg4nAdaisYBHDg+O0FOWVl2czdExxYESNLKXNmFVdaum3eN1z2NBwidnMFIkiC6dp3Y6yxqPMKZbYLDdioqMgeqTPFINXYEtUpE29/sDh1C4qB+ScMvHklADdPUIdpV5nPMMceE+pFiZNy1csR4tqLEEyzEvYs5UjKTqWlSUcbSEqhsLUlvwCaxAKTfUfw6e9rNtY0HiKCZYic6vT/xcJtuFqPVPdJW5F3Jum0Xs6D+iEFwb+btF9za7wCX9CAZpGVEzgpUCLloqOPAjPEIOIYwg11QMj88WymxvLBYvKTnFwmCk+fXA8hkJLM3+nlGiG92TPW+++7bM4bVq/2s+5zGA+Tggw8ORivvTSdxznDHadkF4gSIVSoG92dZZVyMn+C6VC6R+rIRDda8Th9LX3mxeLQQMqdBlHRl3UfMk53iPiOeGFVMHSE9SKYYqCQh5If5piKzADAqVVmaSl3iaXe9+ZqbbIEmj8YCBOfkIUIMyl7LjEEgQDS6tSN2qgUuH4nH73igGM5iC+1UKQR2ySWXBDUHkbWqyaaS5Z8Ru4tQ/0g676Y6RUmAuKlnRdXw+OOPD14g8/IN/l30UFkD3w8cnu860gSIW6WwUH+6bUVal8hJv5133jkY6v1q0F13Tt1c31iASOLjWuTlaeWSRTzcqNQjXNphOO2IA3HxxHRSPQBAOgVwiEXQsdV+FwOUcTOihCBdqD3uoX4I/nGrilMAXj4S7x08X2q+46GcVK1iHMN1nkv6WQP/JhnruKi7IZqq9ygIE/XXi2w8csKqzqvOdY0EiJQRkVopFfmmBPkPp8PjmIJX1JJeuxvZBLg17s/3D2BAwpagxkS3akxvB1aBSpKCihdLeM2ZBKN6xcHDBEjmDbSeke/Gkv9O38j2caZHP4ABgPE0rHiAUB0Cw8RkLverB3GduXRzbeMAQk3iY8d9uUdbxSkACDfFWTtly3azaPEe76G6ceGKOeTr2P1srlGtY8Nwt/pDugmmaTtq/qr+2FAGiUJCeSZQ+w7ct/gdvHbcx1zcAIkI88M7AJGXj/TsZJ/Fe0k5gOO29gzvjmtsbkAoYyDvFGi3hgx2Kf6i600cjQMIgth///2DflsmtqklNrWXUgMRk0oIn07t2DVGNDWC+kOSeS8Co3/72WCo+rej3ahRCNZ98ZgFBIeQY+oIm4hUirXqiDTPBBBc7OWlzlwLHmn+Mf7jfVy8gIWgETLwdVoLQUbqkHfLOPZ9Rn4dY0YwxqB1EDsOk2onuayDmnjZAoN2VHYVwDYOICLWNmS8D6EEENyfGsVmEEhU3ouQSIKyA3eoR9QrHQzVShiyeKWRcArg/ohZPAQxAwtVjKpG+sQOh95J9aKicUqwew444IAgOcxD3QgAi22IjgOtoCI3uP/3DoMk8jtSQB6Yf5MYVDmerzqBVvd4vnkXvx8wqJG+g3Rlh/Di9VOiVyH4utc0CiA4F27pT5UToOouRrvr4znjxUBgp3eQCGpGcOh8ijrCBxqqIknIpkJEuLj4he9DgPH4ASkkgoaxcIrt4X7SifuZlGCzVLFDYhoLrm5eJEG37Vd9h31pFRDk6uWCxwSU/5rfeDO2TvvT6feNAojEuhho6/RhY/09HZ865X0MVRzYaVDFQqRO7yE9RM9JmVZ16FJl6PuSFrmgDWoOgkX4Oj2OpW1Rq/l5p4Chcwjzw7eSRr1iPtaN1ON2BkpZ1+IidaRUp/Xt9+8bAxDxAlxWJ79uuV2VxaQ6ISDESf/G3WOtCHWq7rtJgeiyLXNHa1BHEnBDIyoBTVy3H209EaoESWoc1ce7owRgv0hNifZHlfXqdA1bxXrKH+Ny9z4NuzvZRJ2eO16/bwxAqBMxbdvidNtxsNPCinxr6yMYGDuHAIs/VdSX4vNxZcVS7bq4I1rD+/pdGss24P0iKahFbCpAJC31Gsbhq3q8Oq2l34sDScgklWT6RpulKcHDgQcI4sFVVQvyXAmEUXcU+TByWxFtNG6BKHqAEJ9rY0Vh2ea6V5mrY6DzWbBViKHsGi5eBUuDPHjjEDOVrp0HMLqurWcVKUAynnbaacH+YIvJILYemlewfbphOuO5jgMPEFJDrIHHRbIgfV3SH1WrVWIidYErlFeIgUxtwf0BC9eyUVJBIoiikem+uOm4Kq/VpEmTKteDtNs03Los0j6em93uXVRYnjX2AZXS3zxlRa8To9611tR6WcdYkFb2fHErjhX7Ii1f8BYIOSM6nUU/0eszsAChu9NZ1VMgamKfq9OwcSoFi4P9QD1iN4g8W/x8DIEaIU4RVQq6fgwqkjbeQe2gDth0RnXdptETvaFjeT9mQTIjZKoYpmItMJbIjKyfdeRFs0f+7Q8gvfe9721pgHM3s2/kksXkz/j8QV/fgQQIFYrnh8iP3TQYlVydjGSLW9RhAclGuIanqZPo5qO36eIGNpdUqaIyjIUAm3RvlBTsB+n5ZfELjEVCJmmNgUl5KbZAAiDBXapr08ZAAgQAcPbYPQNXx91xMx4Ytke+rQ23qMYE9NuqbW14VkiJXpSbNm3Tq85XLYzOkbKKOzEPQOEaZ2/YHy7x/Pja176WKU0YdFWzuDYDCZCyDeSWVNvN/ojD/7FJGNWdpEb+ubxVpJMzCtOYfAWsDa5vXTtVU+bvth+AIP+LmhtVXCkxMgmox00ajQKINBOiPt+UjGjHlVq13OlklIpSF4NlTdq8fs41SuVuTsCiAahf0RQvtiDi6rbWvTiWup/f3VgJQoSrcdbEIO+nZ1h247f3PLEVeUtpTL4CHBjiJWy6qp1d8k9hwIuiKwyjGkuhkU0wHs20e7mfjZEgvCCMvF6dQxEDZlSINCZfAYyHq1tavmTEbg4iYufxKmrJpE5eMmQsIW7KmjcGICoIqUQx4CZ4WDftw6bQrSUeSgmX/pCM9HJSBRLlBTyKvIRSULhyxTGqDGvNs8XjyAUPIL1sM1RlDmO9pjEAkc7NABTd5oeXwl30lLRbDICSUaou3EbrxNj0ljRj3fy69/NqYVKxuKvK/flDUHkZu2FqVd7Tr2saAxBeEMY5I4+rl+uxTosf6gL9t266er8WvmnPJQ00hZMiX9dVK/jI5sv3GG7K9zcGIPKwNDqQ22Oj1E7UGQKDOGDscFjn3nRtFqS2ZhP5pndV10XQkSTJ191XvXeir2sMQGSCHnjggUHESx8XeKoz6NPOriDmOx1aU+e5o3KtaLnUn26bL7BF8v2Tm7JujQAI7qXMVEt97TcNNkTdITrPtatZdDeu4brvG6brSWCu3277agnmjvfpX71Y/0YARA23g2jYHQ6UkT/Vrr6ibGHUWsgGZssUT2DqxWIO8zOoSKoQZeB2k2DIbtT9vWmjEQDhfdJBkKGo+wc1q278QtxDR0Op5yl63h2ZAogIO5DUCR5iTPpj7bnnnt29eALvagRANGhT2w0YIulOiN1iiy1qLZv6EGnc7kvqVa2le/lihE6CKzWo4yKnmrFBehXk7W723d3VGIAo0mGL8ELxYm233XaVvxjXU82G81XN9q388BG7UJKncoQ6tojYE/d62QGrg7yEjQEILwoPiiDVLrvsku2+++6V15VrWLdCRmKd2EnlF4zQhaS5/sVlLV9bLcWVV14ZavzrZFsPypI2BiA4l1QFXIiatdtuu9XSg7ko5QZtvfXWXRmZg7JhEzkPhvrXv/71UD7bqT4kzpPdKE1IomI3xv1Efq93NwIgRDQjXX8l6dOkgfT2Ogl0NirWQ8eeuBO9+E17v4xcteoaO1QFiG/khRQsFEmvc98grE8jACJRTiavwyglysXjAYoNmzstKCNfVrCu8E0U952+r9+/V3sTT96t2ztL4w2xq6bZgI0ACBtCLchXv/rVl6vbZOPWMfoEuriLgaPVeeH9Jq5heb4uM8qbSYM63kBp76R/XWBN9Lo1AiAWSRSd7SFRTkzDJjlrr+rQgl9v2zrGZdVnj9J1PIkSR8Wh6jg8dEFxb9M6vDcGIER7PB9Q6S0pUKdPLvUqxkGaaCwOAggxJifYymUrO9CnbJ5sQI6Sdmc8DsI3FufQGIBoARRb6UtUrHs4pA2SrOjsC7XSadRfAdnQJLEy2rrGNgnCVe88kSaNxgAkLiopoL9rHfXKvdzEgoU6NNblfk3a0H7OlXNETpx4VN2OiCS4jiZ1itz6+S1Vn904gOghK3WheCpsuw8WSZfqsMQSS7x8clPVBUrXvXIFSBGBv+IZ7J3WydEHiq0kmjZpNA4gEg754uucMaEB3cknnxyi7009bXVQiIpHUbCwTsBVmhAGpYNMnSTHQfjmxgGEmsQbUtdVq6M4NyMpkkb3KyBoq6VPnbp0Lt6mGedxhRoHEFm9DrGsayhSyxzeIoqeRvcrYA3FlOqoStSrbgrcup9l7+5sHEB4oxwGydhudaRZq6URAVYHwoNVt+FA75Z6OJ7E1evQT6PqITgnnHBCON+liWvfOIDYGNFcXEnX8U6DOsaw10+rV2fvdXrnsP9eCyXrH0/J7fS9cuD0H9NTq2mjkQAhRXQdr+Lq1T9Ls7J47njTNmhQ5yvoByhVpLhERX3N9BVo2mgkQCyyuoROHTZUwOmAIkUlRc97S5oMdRkNVQN/WphqGVQ3wNjbWdd/WiMBgnPJB9I6tN0gPcRA8ueT11+idEfZCtgDp+J2Oh6BBBE/cbhOnQTHQVj5RgJEJq+obqdD6XXScCZFnZjJIGxKU+agQwzJ0I4BiZto9gAcdbKvB2UNGgkQnMu5Fe2ySfXxZaeoPKw6gI63S+WcRnOMeu+IJ1xVfU4TrvN9vpM01i8sns/I09RJIsTvo8I6u97Zg2UBQJJDDY4oehNH4wBiUxzGwkBvV/QkXqKTSZkaxpd/7bXXhhb/8oRsJILxfK5MjgDPt/H+1qRA9jAuyPbhkeHmHHSd2ndIEuSaVZXpW5UeSx70nfF74zHZvhdDkMrjWwUErXVZYPbYY48Np3SVHWAkgu5ItqYVSkUwNw4gJi6z98gjjwzpDmW+9VZHrAGFtjVKR4EnngceD/L07+iVwWEFxcRQcFn/9gdRxeGsC3XyosQrrrhiIBKcmENgvCsWzUuDaHNkd/EaXXLJJaGTpIrMOMzLHP3RaZ2HT5VmtA240IGGBMb5Acy/dSVxrNpWW231CrBQd6mwZcmLDuER1G2qk6SRALHZUh5wwTLfuvMocH3HJcRBqgCX4XeOg+5knyA6YMMJvdOGOzMDcBBjHHK8SBYFQf6onJO9qgOILo69ljTxOGXfJEvAmSc33nhj+ENS0P3jQPyAoFhM7ALH111St/tOhCuOJJfKWhtKDnxTHBoy+F2ZG13mtXWpU7szSKpYYwHCVuDCLUsdaQWQXiw8NYy6Aig33HBDOHoapy0O4NBUAudFlCQMtWWsQAEM6iAJYQ4kofw0ICkOklHuma7q5oCZ1Gn4VmW95FkBSFlDcFLb+tTtH1Dl3eNxTWMBQo+W2VtWwsnFS0r0q/Yjng/uPWrdnceHc+dVsLiB5oGLHn744WM+nwQgxHW8K3L1PKFQobxLfILurwMJW6mTpOiW2AQMzcN7Wg1SFkOp2yq22/n0+r7GAkT6Am5YdqQX45tY7/cRazg6acYDhngFz3Qyp4blB/vG/9PHxzIchybFhl2QH9Qn/6/zJKnFE8U+G6vE6jRXLX0wq7LsXgzEPEiwJo7GAoRqQxcuq++g+wJHnd5Z7TYQEEgNEiJKCUQfDfKim9OpSspT2S2qIHH0PfbYo/Zx1cU5McCdX05iMYzZE5pRSMTMjzhfc45gIl38MedeAYd6ByStYlIYh3ZNzrav0+BhkIDUWIBwXQJJmYpF/eKm7NWxw4qu6NsIgg1AYnBdcn/yfJFkfmZ79Ir4uiEUtgi9nxOB98rPQMVjxZDmPOC46FVmLQcG13GxlBYTOe2004KHz1HSTR2NBQjdVocNhmcrEPQaIK04OeLwh4rBFUyaUfvo/uOdHCmqzaXLicCDRUoAg7Xxp9fGeVyPMoDwrpGiTezont/rxgLER9Dz1RpIgiuqOP0GSBEwOLcYgtiJeXEfixt0ciOPlbNyw0rl8DdjXEyDROMYGA9JVgYQTMMc+m0DjnX9Ot3fWIAooZXRS9Xaaaedgn8+P6hfNme8zyOk70vdIFGoNv2WJOIf1CWxFob5eNd8c6ezQYqlzFzgnBbsEC7eeL59J4IctN83DiCMTl0WGcDOGkQgmlmrWGOsxtQQMQIGehUjnb4cI+WImk7N+0IaxIAb9Ql3pq6IZwBkNHgF4sY7ct6JkOI3RceCACnbCcdv9V3ctGy2mA1Q9ZvYZLGdUkxdsTeHHHJIyL+i5pHy9kb72H65mzutR7e/bxxASA4Lruw2GppAss8++wT3priHKDGdnMHcLoPQS0PCAAAa1UlEQVQUp0cwosGyUnmcAMOI6glvUKsRu8t7FxcmIAKQP70ygOtuKm6N+P1BtJiEDAA/A36rUfxOQOEZE4BlXGMI7c5zxEyolxpiiHeQGv5IYox9eM3LgUcYWtMkSaMAQn1RlSaFnccIV7QxCFI6hGOi2QF77bVX8N4ASKtAoecI7olZyCWiJpAAVDLPo8NTVxz1htikc0855ZTZOeecE1SG/HCf33Fj8g7x5gDMhhtuOG61D6SfzGWAYHvxtvG6yaciCUTxSVacnUTJD5LQsXSYBXUVY6EykQbUU2nqYiscD63UN4FCALEf2gFZu1133TWk8Vgrz/MO+3HooYdmRx999LirgXUZTWONdBt/wAEHhIRDRCGCy1OCALhc/dth9zYVIbQCCGPWEW7akJIWCBsB0JNxPLEVm+t+HM+/pczjtGIZ7iGpvIOnxp9IYIKTbB//pxO9+8djkKh77713mCtbQNAO1wdwkk2bVt+tIzsGwjXuOuAHIvcDEiYjLYREZt9hIIBGqjghauedd57M6RAB4n7MxhEVjHMVh9JhxGf82+8lOlrLfH7ceKzPWN7RKAkiQEb/t8FEP/WHihTPPrcQ1AleJNyumKzo94gXcVOr5CiROqRM0cBlZNOjN95440zWLuLRTRB31cIGlwQiREDX5kbFMf3xDoQYbaKxbFCne0lDkgHnBhDS1B/uXraZOfBuiYlgJKTEfvvtF076NX8gYL+Jk8ThmeI8iN93MripWwCQT1R0fczFInFE86PXCuhkOtsnzMV7qbDsIAHTpozGAAQYpGkcf/zxQZ/Oe6eoF1QdHBKndA3bAKH4uzgOPvjg0GURcZRVw3mfc73pzlQonVEAAWdmryimIsV0bHRNv925dQnKOrDTnCdv/mwRkhLBSoNHtIjaNfvuu2+pS5gL2X3f+MY3wtFrxUGlo56RniSp9aGKejY1Mw6MCxOZNGlSJl1mPFzQddespY32X0JobYX24uk9fIZNsNk4E7WAMZwfNlBxFG7PQGRk8kDhmsXh/vXXXz8QuPyoMqOadMGBcU3X4sieSVXwb0SomTP1ZhAHNW+zzTYL3+ebFZqRlFqAmjt1ivQhJVoN0lB+F/VIsz5AKw4SlIfPc6SUkFSnnnrqZIesUufcT+3EVNoZ/oO0lo2RINSWL33pS5mjD4yiqGdoO0NEpisOyYDHscpKPUkEgKOf27RWHI2BiahaBSLNASfkJavSfmgiNl3FJC9TqwRJatSJJ54YTtzimCgOfBMzUt6MoMviOQ4y0pRBqg07Tsaycuhi/Mn+GXEPi/s3EetT5Z2NAYjcIlLCAhvFc7pxdq5exqQsXlIE8ZalOiAQCY3HHHNMSP5rVVKKSKSzUNOKXQRxX0Ckvw9qQ2xrwnMkH6pIkGwCapejsVsxB14ntgJ7SyJiWQCSOguEpIfoOeeHtS+uSUzNx+Cot2VZ2FWIdjyvGRqAWDQeJl4uRH/YYYcFI76V3hwXGEhIHgZpWVNrKsNBBx0UCCnWXfPs0N0Rz3hH6usSh++zHuykmFHLhgN8581TSVsN3jjqmO9rF51nzwGYbAbrwUvVqjYkAaTuztW8ngTB6XEfo6yJgN/vsMMOQRdmLIq61xlAA1h50wy3JZ0YuDijYiXcNZ+likgiJx7vdI884P1cnD+PnbVTSEWq8Pzh8nmpGOdfd+7Wm50CaFzspHyrQSIZfm/tkgSpQ5UVrhWMYkwKRiGAVi0vuWKV4XLbAhAuz9CukwbCPUui+JshHlNN/EyV4J0RL2H4xkYHQCPmwuaJte4VPqnnl8TacS5e65WfO4NbfMNaUD3zc/dzDI5WaSUaJ24tSAx2HNe6CDr3sThScVhPIBTEtSfWqwmjMSoWrwuPDHWh6OaNCw0c1B9GI9vDZpAmdRoGAIcgV+yR5W9DzIAnLQ4emVixxyMjjiBYCSQTVRzk24HD/GO/q1jxyIsVh/nGnKhYeehv86/aE8uz2BxUNdJI8JYK6tuBpDiim5caxvM3aG7xMrA2BiBUH+njjEJ6tSBUfkQ3Jk8KYAASCSKwWLV/bBM42iDNUYd36icJgvBJdxF4nrGiS5g7mCdMHETbpbqq3ER9d2MAYoHkYZEMdGibkB9UCl4pABHjUM0myiuIyHBPo/crQL0SDJQ6IuNArARAeL2KKhR3ORtOO1j5WE0ZjQLId7/73ZebveFEefckTgY4kupEwBmO3LM28KSTTmqMSG8K4VB5BRwxIO5iAVcReZJCXCXvAKDmkfyxCd0222zTlM/MGgUQRqBEQ1FyalO+3SVw8HTJ04rJd2wWrkwu2lbBsMbs0gBOVBCVGks6syk4MQRcNa7jocqXQbMZNZmQoiPhUbJnU0ajAGITiHLBJoDI2xY8NLw4Us0dUyzLFzgEriTRFW2WpmzQoM5TgijPlcCsOJGs3ZVWWimk3PNixVoQ8wcOgBHkpfo26QiERgHEYst7AhL2hhSQ6MKVecrTpB6DyOfREgOJXRAZkmn0bgWkoMRujSoFea6otJIXechiHQ5XsJQWdglwyA9r0mgcQHAjHis6rkKcGDC86qqrwr9Ffqli+jFJs+B/J3GoA2n0bgV4rUgEcRMFbI5AoDrxMLIHHaxjCBDKi7MPPFtNa0HaOIBQpRA+9UkgLKZ6yCBlm8g54tGSI4VzkSrcw5Lq6vj4e0dKw/cksSGtRLlrSQuSXO0Mz5WkRLZGPHYCYARSqWGAlFe9mrAyjQMI6UHFkjqheEkNCG8WWwNAonuR94rxaHPERRjvY2372YQNHY85ymJmjIt7YFKcIbxZBuYEIGwTXivpPoqoeBYxsVYp8+Mx527f0TiA+FCFTmwQXAwgcCX+d56qKFHk/Ei7ZpOoiCNN6M1NKdTpdkP7fR+iZ8+RGioy2RzKDGKOnDICEXaqFGkPMKQ3G0ThVdNGIwEi5UPQEAeTwkBycDtKP7d5DHd2iICUNGxpIDhakwp1BpWQYuEaiS2dhdEtrsH+YJBjQtLrMSuSRE08CW4vmlIklV/7RgLEByB24lrrUXk9XIsMeKJftihQkBw2kv7LoASeOnlZ402kXNdc0oNaX2I9SAcg4PhgB7I1qK/AQu31M/c7l7tgIi8itVhxWhNHYwEinV2thyQ5XhJ6LvVJKjrjUUAKgByTYIPUIwCHnk+DOpSt+o5icdYgzVeVIpBQba0vb5X1FcDlDJFSTw1jH/IqKk9WM1JWdzJI39ZqLo0FiORFei/RruTVUQAxQ5XkkIeFawGN9Gob6f+oZoM65CtJ6Ct2Sh+k+VKV5F5hPMoPgIE0939sEoPn0JEPwETVZQ82JTmxuNaNBYgPEclVgy5rF0fL132IpJMyWvyojiNlRH/FRwZ1SJEBjkEGiHiHrATSQRWmVkCkQ/58ErYI41wVo8NWm1IcNVQSJH6MJDjcqdikzSYpwRWgUufAPhFhd32xnn1QADPoAKGmShIVMWdnqDsRKFRiWyxK8y2kvOubPBotQSy8BEX9mPjYi4RP/DMeAYiHS19fzd/WXnvtgdwzcRsq46BKEDENa6i/Lk8VAHCGFF3ngMR419mxydIDkTQeID5CGrxyWMZgma5LJyZBqARUskGMhwCxmM4gZh5jNlQmKisJUnYuOtBwnijrbVJaexnHHAqAUKcUUkkvKTtMUgoE43HrrbcOiYyDWPIJ5PT5QYwXcNlKSGTDycYt62ulw6K0E4VRdXoBDKRIHxYJYnGlWdN7uRtbdUqkLxt89QzNQcwJwn0H1dsjKg4ce+65Z1jHfC1OJG6NIbjX2YNNPdV2qLxY+Y/hi+dOxH0lxRW5V+zwofJNUDFmmw4q5xq0eXHrCv7JfTOKNR2kuCRSkXbu96blXA21ihU/zubwmoiaF1vsxz5XVABloe0ayg0acQ7CfNh3+hxHFbZow4kxia7zEg6iitjtGg6FDZL/eE3StKGRnNjKw8LrJRXFRg6iod7tRvbzPswF46GeFr1S0VMoeVFzvSYf+dxqDYcOIFHU81rhaEVdmaEuC1gBVdNdkP0ERf7ZmIoCKVm5xTMG1ZuT2LxarVTb8Zpjv94zdACxUGrXY6sfqlTRaBfdpSMz1id6sJ3iYaATPZey9zPOzdPpUfnBKKd6GVoANanWvOpaDyVAfDyDUhsa7lwqVR4kku3UUauRnkhXJGknZV9y4qBGnM1RgZr6/nwmNHBQubh/FUO1ajdalQgH+bqhBQjdWAtS9QpsEXUhEQxclrwxup/MNNNME7Y/5ugYBZx3UAnMwTe6lfD+Rdc40FhPWQqaaDhta1jtuaEFSKR6m6huQWIjjqfWgq4s3mCTywKLE4aaAXsxr591EqPhxuUuJ5HVraizyZ9tOGBT78l0hh4gcZUcnxaPb1NDLWItkdHPaZSvgPwwCYkyo/0cj1ErO7lr2NZyZABS3Dgb7rTXJvWJnQjiUz8jet7UgqexrtnIAoRXRp26k6gGuYJvrBs8lvv1t3JylLLlYYmM112PkQUIA1kWMBtFkmMak6+ApEM2hqzcYTXCO+37yALEwjhsRoaqcy4m6tCbThs0Ub93GI+6GZnPDgUa1THSALHpEuvUrsdesqNKCMXv1utYrXnZmYOjsk4jDxBZqpqdpebWryR5rX00kBj1rOeRB4hAHR2bIdqqjmRUOGX+O0XJOTDYaBMZSB2EtR95gAiASZWgYqWYyP8nSfEOfa1kIQxqAdd4gWfkAWKhpVPgmNIpRr0DvM7tjq8jUWeeeebxosOBfU8CyEtbwxjV22nVVVcd2M0aj4np7qinWGxGPR7vHOR3JIC8tDsyfBX8HH744T1xa6puPO+884L7WIMDvblU2rFzWrmUJfxRZ4rnsUfiEdhkG8hSxuXVaBjF037HQmzc3hrxKTgb5B7GY/nGuvcmgLy0YghTbYO/pcKPNQ1eHEEnR80i2DmS/ABDsqTsXbEFf1Pp/NGpUDBOLQviBwIgc59n+H9/gMRzzFMGgB5VvRgydKW0K4hSQ1MsjOrFO5r4jASQ3K6pbdA+SI1GPGdkLJuK6BCyv4EkPwAQIEgNfyJBivDH690T/1281z0A1isj2klQjinQrmcQWyKNZR/Gcm8CSGH1NFzWRFqaxahwUSCWbkNd0wg8jf+tQAJIgRro+hL0lltuuVBJN1ZVa9CJjbRSWXnNNdeExM1RTUos26cEkBYrwwZghyisGvaCKgVRCqHYH6mJxeTEkABSwjqkoGgNpF5kWGMjHAHqPdTDj3pKSZIgNXWdhx9+OATM6OQ47CAfi1bz08LlvGMkJJtLgHTOOefs5jFDf0+SICVb7LxAwUOeJEcmMGB75THKv1Ls4aSTTgrd6aOny3t0UPdO8ZFeD+/hiLjqqqvCNwkKzjHHHL1+zVA8LwGkA0A0n6OGaJymu0e/PFvUHadgGWIi/VLreKx0c9E4j/qo6VsCSDmWE0DaAERk3SEw8ewRXi3nYzR5OB+F1yqe4eHwIZHzJEFa72oCSBuAiA3ohmLw9mhEp4NgU1v7OyJCx0nZy9E7pzuJmE8CSAJILcbPBmHEOnbMoLcDiZNdRZvLTliq9ZJxvFiumcODnPgLHNGe0kCPEyIBJAGkFjkWARJvZtg6pIfqpRvioDczkKoiwZEq5XAbDof8SABpTxZJxSpZHwYzCXLGGWe84gqR5+OOOy5zFruCokFvGaR1D0N86aWXzrbaaqvJMgM23HDDIEE4BtKYfAUSQEqoQjQdQBi0rYZTdcUQcOVBPHTTnB988MEg7YBDY4pWg+MBQFIUPalYtRhkJ4BIZyddLr744qDX61U7SEMvYvbSaqutlpESZW2NEkCSitUV3XYCiIeKRvNyOVhmkNLEY9q+g4J4qdplASSAJID0DSDRu8VNet1114VTYKeffvqu3term55++ulwMNAyyywTUtg7Rf8TQBJAuqK9KhIk/2ClujxfbBLq1nh7t3irqFVsDi5bpbNVRgJIAkgVOpnsmroAYZM4XuH2228Puv9413SLc7CFFl544XBOedVWqgkgCSDjApBok/z4xz8OvX4drTBewUQHljqiQC/d9ddfv1bmcQJIAsi4AcSLNFaQPn7UUUeFLN1+e7eoVZtvvnm27bbbhvT8ugdpJoAkgHQFkLJIetWHafkjW5Z3S/vOXtsk8XxDTSZkG6+zzjpVp/aK61IkPQGkK8IZK0BE3AUTzz///JAcuNBCC3U1j7Kb7rjjjpA8udZaa2Wbbrpp17XzCSAJIF0R5lgBEl8qkCigqLWpepJObtdOk5U0qZ5Da1ABQIHAsYwEkASQrugHQNRMMLrHMhQo3XjjjaFASXPssRI0wGkurYBrqaWWGnMBF6New7yUzdt6l1MuVgn1AwgVRvBvrAPXdwaJ2ARJIrO2bjshQDvxxBOD5BBzcXbHWKWR7xJUpAImgCSA1KJzTRvUpOP8vRpPPfVUOIvEibEybNWbd/I68Yo999xzmdJfJ/M6s2OGGWbo1ZSCJFJym5o2JIDUIiocX1QaQfZy6Ld75JFHZjfddFO2yiqrhOpEza2BJQb3BB2B4sknn8xUAV522WXZkksumW2//fahAXYvB8CK/pNIaUy+AknFKqGKe++9N9R9iE73Y9x///2B8EkF6lbs1etdsR8vTxhpA0hzzz13P6YRov7qROadd96+PL/pD00AKdnBu+++Oxxiuf/++/d1j6ldjz/+eOjgrnO74YgExyXMMsssPVWnWn0I+4ObeP755+/rdzb14QkgJTt32223ZRdeeGFI4RjmISVmjTXWyBZZZJFh/syuvy0BpGTp2Ai/+MUvgt4/zIM9tMQSSwQbJ41kg1SmAc0ZnF0oV2mYh5JiZxEWmzkM8zfX+bYkQUpWS6KhhgwrrrhinfVs3LVXX311prGDhMc0kgSpTAO6DYoyL7jggpXvaeKFd955Z8gW0EUyjQSQyjTAs3PQQQf1PV298oT6dKF0+V122SUkVqaRAFKJBhCNqryLLrqodkpIpRcM0EViLauvvnqohux37coAfXblqSQbpLBUgnSOIhPVVmcxCkPdiui9o+d6XbfS9PVLACnsoICd/CQVgVqLjsLQmlRForwzAco0/rcCCSAFauDVYbjusMMOI0UnRxxxRHBIDLvXru6mJoAUVkwHdNmtc801V921bPT1DzzwQMhePvbYYxv9Hb2efALISyuqZoOhqt3PsKeXlBGRtBM9ejkoelFr0mtinYjnJYC8tOpqvAFEcuKonhXujPg99tgjAKTXNfQTQdy9eGcCyH9Xkc2hl5UO6NLLR3lIv5fFrMfWsAdJq+zzyAOE7q1Fj1iAmohRd3Nyc6uFEQPSSmjUbLEiaEYaIFLaL7jggmzSpEmh9iKN/62AGpXjjz8+W3PNNUc6FX7kAIJDaoAgld0BMylJrz1bkLTpgCAp8Y7AHjUJO3IAYYjecsst4RxyVXSjtuF1pSSGorrSOe6LLbbYyDkwRg4guoQYnbqJ1CWkYb9+VNdt5AAy7IScvq+3K5AA0tv1TE8bshVIABmyDU2f09sVSADp7Xqmpw3ZCiSADNmGps/p7QokgPR2PdPThmwFEkCGbEPT5/R2BRJAerue6WlDtgIJIEO2oelzersCCSC9Xc/0tCFbgQSQIdvQ9Dm9XYEEkN6uZ3rakK1AAsiQbehYPyeev37ppZeGE65mm222cICPdkCjmPmcADJWihqy+5Xc6myiV1YcypD1Cpt22mmH7Gs7f04CSOc1GqkrnMmogUVxKElWXThqIwFk1Ha8zfcqJtMTLNZ+5C91RuJ2221X+Vz2hx56KJtuuunCn0EaDmfVg1jBXJWRAFJllRp0zSmnnJKtt9562dRTT/2KWTv33UE5zj8sG/rz6vTeajhHXe/eZ599NvvlL3+Zvfjii8E+UWXYamiGAXDm0em9VZb3iSeeCNWMY1Xz7rrrrmyqqabKnDasorTTefUJIFV2pyHXsBvOPPPMbLXVVgvEqxkeoxsROFXX/00xxRThaxjc8Xd+Vqev5vzQQw8NtfrFEQFy7rnnhvakjq3Wv1hNv5+jAf/000+H9wHS888/H94366yzhmbg3ucdRnxf0fA3Zx3nPcPffq+J3WOPPRbAFjl/2fzjCcHxfn97pp7LfufQVP/n3wsvvPDLAInXm1sETXj/f2/6v4bsf5pmmxWwjfoKkxCIj2GNiyNMKgWAaL6Ag2rKjXiVHSP8SIDUKEdT33DDDZO9iRTYcccdQ6cTBjsufMYZZwSO7mfge+aZZ7JHH300PM+zvANBImqAAY555pknECyC9+7ikQv+nxo0++yzh/ZDus0g2BdeeCEAEXjL5u/7HJtnHu5nS62wwgqhQYc5mY95kn4RKDPMMENwSCy11FIZtdA1fnaNNUsAGRLYUY+uu+66bPrpp89uvvnmYFBff/312eKLLx6IFoH6+eyzzw5N4c4666xs5ZVXzm699dZgc8w333zhyGnHsfldnm/i1iQBG0SDPW2SEP3pp58eiNx5KohKAz7PMAfcF7F5HiLXYgnHfuSRR8Jc3vOe9wRgLbDAAq/YAXP2PCC47777sg022CCA1vy88/LLLy+dvwc9/PDDoQOLQ1gR/pZbbhmAbH4AGiXXFVdckU0zzTShOd6NN94YeqIBrjk7r9FzMJcEkCEBCB0dSKgzWvU41hmhIQCu2wgQKpKj5RzeSRVDkM8991z4WawDp3b8tb/1xmJHLL300sHYXnbZZYOUIp3mnHPOABbqlv9bfvnlg3SaccYZAyE78x2wIkD8jr1COpgXcHqfXsD5wYtGqiBOHH2jjTYK8wEoKtaVV15ZOn+gvuaaawKBAz5ptMkmm4TGgMsss0wAgO4swOc5ngdM7vE9vlXLVd8eVcUEkCEBCJWBEYs4qVYIFMdEgPRt/0bYuDzQ3H777UEN0qybqoXbAhXCBDSgOe644wL3X3fddYMq5TrGrWeQELguIsetjUjw1CAERzJ5N9WI6uNZ1B/zBJJFF110Mm9SVO8A0rXmdM8994TvcB+1p2z+JBTOb+7ucy3GYPgdlS3aQ9aIVKSKRfUz/h5ASEHXJIAMCUDSZ/RnBRJA+rOu6alDsgIJIEOykekz+rMCCSD9Wdf01CFZgQSQIdnI9Bn9WYEEkP6sa3rqkKxAAsiQbGT6jP6sQAJIf9Y1PXVIViABZEg2Mn1Gf1YgAaQ/65qeOiQr8P8AZpyW1EEBPq8AAAAASUVORK5CYII=','What is the first name of your favorite uncle?','qwerty','faculty','21232f297a57a5a743894a0e4a801fc3','Sarossa, Myrtle M.','','','Y','FACULTY','N'),(26,'Rosales','Jerico','Maceda','jeric@yahoo.com','09366527566','/9j/4AAQSkZJRgABAgAAZABkAAD/7AARRHVja3kAAQAEAAAAPAAA/+4ADkFkb2JlAGTAAAAAAf/bAIQABgQEBAUEBgUFBgkGBQYJCwgGBggLDAoKCwoKDBAMDAwMDAwQDA4PEA8ODBMTFBQTExwbGxscHx8fHx8fHx8fHwEHBwcNDA0YEBAYGhURFRofHx8fHx8fHx8fHx8fHx8fHx8fHx8fHx8fHx8fHx8fHx8fHx8fHx8fHx8fHx8fHx8f/8AAEQgA3ADIAwERAAIRAQMRAf/EAJoAAAEEAwEAAAAAAAAAAAAAAAMCBAUGAAEHCAEAAwEBAQEAAAAAAAAAAAAAAAECAwQFBhAAAgEDAgQEAwYDBQYGAwAAAQIDABEEIQUxQRIGUWEiE3EyB4GRobFCFFJiI8HR4XIz8IKyUxYIkqLSQ2MVJBcYEQEBAAICAgICAgMAAwAAAAAAARECEgMhMRMEQVFhFHEiBZEyQv/aAAwDAQACEQMRAD8A9HMwrpcxBJphliaAUsTMaAN+3sNaWQ2sY50ZDHVV+yiUEMyAXvpTCL3zuft/YsX9zu+dDhw/pMjWJ5gKvE8OVAky5x3H/wBwvb2MgTZIGz5jbqllVo4lB/lt1sfuFRd40167XHe4fq13huG4nKyc5wFe+PDD/ShjHIAeI8TrU3atJpIc4/1h7pMccDblPiqBpGztd7//ADHqufypczmkXjY/rXJgQqqbf+6y2A6ZcnNyG6yP5pGkBo5RPxZSX/8ASG8Y7B87Y4xjk29MjBvvIPLypZgvTf2seJ/3B9h5iLc5EUxHqiKKSD4fMPyq5tEfFU3s31S7J3af2MfcRDkf8jJVoGNvDr0P2GrllTdbPwt0NpUDoQ6nUFTcEfZRagU45tS5AJsd+QpywBtA3hTyRHsE0yZ+3FMEPDbhRDCKnwphoLTwQga5qFlg+NIFKwFAEWYDhRgMacnnSwCPdbxtTAWRmwwRtLPKscaC7u5CgDxJNPAcW+p/1/TaJDt/bLQ5M9rT5D3vGfBEawY60rcK11eb997k3/ds1s7csj38qQli8rM7C5vzY2+ArG3LaTAOHlysjdUT6au4UoLnza5qLVwqbekhJKjqPAjpWTy9TClk6c4Ocs6MJHFn0KMunlYE/lTpRLYqQqhVZ3Q6cQxUHya1xRlUh02RlZWK2NkWaQf6c9w6tcaXtqL8DRkVHtjQkiH2lxsxbEwhvbDAfqS+n/hohH8eV7UYjnc9UdriX1EBtAQfC/MGjAy7L9D/AKoZ2POmxZjjKwifS9maVFsTdbE9S34+mtJ5jDsknl6KhmhmjWSJgyMLhhUWUpY27IKcibgJpEJtVSVGSljitypW05ISywjwpy0rg3kCHhWkSC0K1WQR0JemRmswFGF5KE1LAywyijAy173nTwMs9+ngZU36hfVDau0cMKR+73WYf/jYS/8AHIRey+Q1P41O1wvXXLzx3X9Se4d/N9xyXYW6jjRt0Qhjrb21A+XTj1VHJrJPw588CPI0jZTmRuLIeoknysFHwrG7KkNcieXGe7z+nwbpB/8AKL0uR4aTPxZlBmmZYxy6Usfh1dTGpqoM264YAWLGLof1MTf7R8tTKeQMjLhKB3WxvZFiJUa/DjVZI3ilyEe4jkjTgCCQR99BLDt24TKCAWDfNG9r8BqPOhUp7kZSZ8KxzJ1ki6leKt/FG3EH+WnkG+0ZTJljZ9zJZJRfHnY9Q6W0Do2hHmKORRO7Nky7VnplYsjQzYsgV7a9LHn/AJXHCrl/Kbrnw9XfT/vbH3/ZomWUDOhULlQ/K1xp1WN7qfEE10a42cnZrdatByHPE1XBGWhM1+NPiWWzkv40uAyQZmPE1XEMEtudLiGGUnnTmoIL+dPBGYQ0srKC0jb6TQTYiJoyAc2aPFxpZ3IEcKNJITpYKCx15aCjJyPInfW+5G97xPuWa9mmYiKFfl6f0oOfSo004865N9813a6Yil5W7YX7gySxNNKvpUBgoAGng16jbccQJN/nWIDFhSO3JokYH4Mtj+FRyVgFNyGYnS0/tZB+aOVeqNvgwF1+2gewsjYGK+7F09Q19JuD8LXoyOCLEM8TlHAVubP6vuFPKMHMWdHCS92kccCPSBQeQ23rLMgK3txAa/8AfTwWUvt2asg9yBzHI2rRCxBI+NCksBHkIJsVhG4N2Qn09Q4jThQIyeMZuOI7dOVATJjk26lkHzKT+pWFB4ZHu7SNBmxLd3DRZeOxN2t8ym3hxU1Sa6H2D3Wdg3rDypHkbb2cBmUgkIwv6vEEcvEaVWm2KW+mZh6mxsuDKxo8mBxJBMokikXgysLgiu2XLgswX10yZ10E17ovxpjJJloLLXumg8s6zQWW9azw1yyxpFkpb86oF9YFLAy5h9cu7xtmxrtqP0HMVmntxaNSLJ8CTc/C1Y922I6Pr65uXlfeM98pjJDJckEdPP0vZgNOdcmXVUx219P87cgk+UOhHAIGvDleufft/To06f2vEf0129IB1RhiPxqeVX8UVzfPprEpMmPdONhbSidlTemfhT9w7Y3THJAkaw4EVpr2Rneuop9s3FHDSsJEPM8R92tac4yulnsRcOYqJABKOZOp+8a0clcP0T7UIuJYbqfMgj8aMp4kGKCKUTY7AXteMm3VbwPI+BqskPNJLHOuVA+jC7DhfxuPzp5JIPlSFY8iO4mQ3/wI50A13CdI87EyV6oYMglJ0H6ZBoT9xuKeSvtatryHjWP3CGSJvbkI5i4It/xCnFSvQP0Y7qE2DLsE8hMuIWlxAf8AlMRdPLocmw8K6/r758Vx/Y0x5jpvuGujDl5M66MFlrrp4LLXXRxGWGSjA5N+5RgZHMi1lxb5Z7yijiXJnXfnTwMtEE0ZGHlv/uE7mOV3SY0FsfEhMEX89muz/a17eVcH2Ns7O3omNXIu2ojuO9YmGdVeVSfjxJrn3uI365nZ6a2za44MaNUAsABauWPQSS4Zdem2tVAZZW1hrhhelQrW6dtCTqst9OYpH7U3de02XqITTUWtTmydutVpO3MrHyP6XUEb7bHzB4itecZfHikZeysVN11om5XTKGy9qaIMXS6Hj8aqbsrojBL7ThQepb6q2n3Hka1lYXwNBkP/AKasfSQYXPnxVh4GmWT/AClXJ2mZrXEZDFf1IwNr/dRDpztmZKI/cOoIUuvEdcZA/EU8iOj9jb9Jtff+zTAkY+VKIGHiJR0dJ+BINadO2Nojumda9PiYW/OvUuryeTfvCjiMtGWngZa9yjBZa9ynxLk37lGByKaceNZcWt2J90U+JcmxkW4UcRzbOSSCPGjgPkeRPrXFN/1PnZUilYJ8maLHB/5cZC3Hl1V5ffr/ALV6fVZxiD+lO1SzdxnItdcYXv4E6CuTuvh19Gvl6NwkBhUjyufhWLsSUAQWvzq5CJyEjLgX0NTYDbIx4QNaMHDHK2/EeO5UW87U+K5Vey9k2+RyFXXnaixNpjP2zAw6hHw4aUiwht07VgljZeixPlREXXLm3c3ZWbhh8iIdUQ1PiK207HPv1KrHKYm6XIsdP8K3jmqWwslGgyA56Sye25+3Rvs1ogL2SYe4sTNa56TbkwBFByrHt+8zYu57ZkIvuNj5MTxi17tGQQLefCq1uLC3mZY9iLIWUNwvr99e28Ot9VAb6jQGXoGWdRoDdzQPBHVSGa2CaDKVXPAUuUPjW/YlYWtoanlDmlec/wDuc2zIxc/bJ+m2PJFJY20D9V2F/hXB9r3Hf9a2Sq79AzHMm8ddvcWSE3PJSG/9Nef3a+Y9L6+3t1XI757f29xEZQ6rcNItiLg/fUTV0Xc3k+pPbRBIy0Q8uo2p2FN4TF3ht+SpZZw44ixvesq0iQk3ZVxzIzi3G9GVKruf1J27FLK7hrHVQLWFXPKNtpEYPqn2+CxiJLtrY8L/ABNXxZ/LDf8A/a8LydSR9IBswNiDr5UYHyprB722nckAkheFtPWPUvx0pXWHyI3rFx8rFb2SJEccRWe0PllwjufapNvz3UrZSSR9tdPVtlx92uKaYbmTGmUNZugn4ldfxFaWMpTna3V5FjvYy2sf/kXT8VooicxJlkkVbWaGZJAD4hiTRDvp7Zx1Ywpfj0g/eK9rk8W6iGM0+Q4s6KOR4b6KXIuLYjpchhsIaOR8QhGaXI+IioRU2nIOt/CpWWHtyqbMqlwoH1y7ei376f549nry8BTl4pAu149WH+8vGsu3rzq1698V5o+j8EkmRvkAZlQQxuxHMq5A/Bq87tvjL0uj3UnvMeNPktBCryzRi8jKQqqOTMzEKtYa7WunbSKhuIxseS7SKzDUhZlb8QLVpJayt1iX7V3XGfPghu0Ydgo6jcG/mNKz7Na10srtufsOQNrZiLD2xressN44Z3FB7GbJGyFrEg31q9ax3iEXHd5bRQC51A6S7EeSitYy28eRTumNiSNBP7qyobOBGgAPwJvV8GfyxO7Nv2Qk4UASQmxDqOkj/Mp4VjvMN9Ll07ZZf3mOpXhbUCplyqzCtfUftMZO1yZUSf1Ih1aeA41emZUdkzHHMUPFLIhGoUgg11Vwj7XGffRuI1PT4Mo0ooiX22ObIzcOPUyzZEUR/wB5wFaiebg9q94QRCOCOP8AgVV+4Wr1MvLLsLUZGCSAKeRgnSmkQWqauRuwoyeCxCvOs+TXjCxClLlRxhYhWlyHFv2RRyp4Dmw4ZYnilXqjkUq6nUEHQijkWHm3tfsNu2+8+79qZbRo8ZxGP6seVneI6eWn2V5n2Jjw9P65puHY2Okv7jMUzws3X7QP9O44Myj5vtrl0uHbvpNoqHdnZ+JuGeuRhziH0BHgKOVAXQFAgtw5V0fLGGv1acdo/TtxnYjSMTEjqXBW3UAeonjpWe++W2nTxegdyRP2Vv0gfnTw1jlfcHakORlnIRQWN/SRxrO5hXTKBxe1ZMDJ93HRmY8Q5Fz8dKc2wL1SzFDy+xU3LN/dS7d1ytbrtIVRraXZRbWq+Wsv60i1bT2BCo9zJhUMeQHD4UvNVNZPSx4OxwYCERLZaJMJ2re5YUWTgzROAVdSCPIirwh5o3bDWDcJBa5jMkTgfytYfeK3l8OTeeSNp23Im6XiQu6lrL8PVeldj067XU+we0MbuHvDt10iOKhlMmdGnymXDUSjpv8AKJQBccjeq6duWx/Z6+M/y9ZiAWGtehzeZwb9laOZ8CWhWnNi4k+ytPkXBntKKOR8ShFeldhxE6azW2FoBQBpAqgMsfCjIw5f3Ti/t/qDnysLHNwcSRSeYieWM/dpXH9mPQ+rfAeViQSR2dA1cjv1lQk2x48klgoGuh4n7Knw18nsG3RRzwwxgXbQmn7pek3nQh8cp4CwtWuClUzKPtZRjkBsDcHlrUbHqeRYmNkoAVBI1qMKGWFYCB0iwo8wYE/fxKQCR8KqVN1Cmyw+oNh4VUY7Uwy84Rxtz0JtTrNxAbBm7w+57hDGfZjmkPUBxte5FVdsRlNc1P8AY2HtEeb7JRi5cozngRwuKyuzr06rI6v9GtkYd4P4YwmmtbT5fZ/OStvq+NrS/wCjZ8esd3OKQK7ubxuBBxmp8k8CTiMafMcG/wBrajmOAckYRbnhT5FdGRBXW68KMjiUJI6WKMwoPFRijwWHipYPJQeKlRmDI0RqauYUv6m7RE42/eI7ibF9zGe3AxzWcX+DR1z908OrovuKVG80z9JNlHE1x2PR028HXtxQIWbU2408YXnJhHuuJiy/uJn9bFljTyHE09b+U7foPO7y29EZ3dQo8D/dVTcYV3/rPYc+Voy4BJI1IvTu0TrR9mz2C6kMoJAbxANr1jL5bJ0TLKuvPnVe0Wo7LVVOtrjgaMYRtsj3yz1kA3HhVMbQyvuBidRwFVIi0JZINqxFghiADdXoUcS+lG1X1aZqG2zt2GLeImhPoVQ0ptYCw51nZmuybeHafoqsEv8A93kx6tHJFjueXVZpWHhce4L12dMxHmfb35bT+HTbgca2chtLmRpIEoLI3uqV6hwoAbODTwWTfMXrgYDjTwVMMDKWJWjc6jxpwoMqIdQa1tZ8RBGPGlk8FLGPGlk+IiotTk8QVCo51NyqI/ufD/8Asdknxk+cWkVfHo1I+NuFZ76Zjbp341yXFn6FGuvCuHZ6GlLmklyHCKdOdZ2ujVX+8u2Tm4AeHIfGyYdUlRrC/mKcg5OW7jgbijtE2R13BDMPzFVGGzWw9rYUmSsqy9LDVguhaqxk9K6pteJDFjrGbLYAa1N1bSjvK2MwVjZW4NyrPOCty1kMZFPPmK0jLaoib0t4UM7TuEB4+nlzq9WdRu6ZWTFO5ixhMosoPq5ceFLfLq6MGHdnd5wcGGXKdVnMdsbCj/U/8T/yrV6aXasuzs4yu4/Qfb22/wCm23TSt15O6GTcMiTmzztfXz6VFdeHn7bZXHcty9kX4UYZ3ZS5e64zu/tu3pXnU58s7utuDuS5EQZDcVvrByFmyhGLk08FyJ/fRGO5YW+NPA5Kt3FukOPG0kb+oedTfCbshsXvF1IRnBb416Hx6uGd9iSTux/Gj+sqfZpbd5CMaml/VP8AsgDvtuvgbeNH9Qf2zod9RCO541H9Wq/tmE3fsrkiIG/I8KvX6sTt9uqnLkFsyaS3SHYyADgOvUivB+1px3se/wDV7OWkv7R0/deJt6H3GHvyMbA8lvbWuXWuy1B7x3XNuMAjg1VdTY6E8r1VolRibDk5kZl6gqkWZiRb4mjKuGUGUbEzSiTLdDcMCNCOHCqlRtrYdS93zR2DS3ZCLsdBpzp4qOWD/a+9hnTHDnbqWUWjfmGqdpmDXfyn8fPb2R18RoaWtVsyX12N+GtVWcOsRzbjwtetNWeyF3vus4GBkz4sXuvAjHq/T1DQA/bVe283murjKbpl7lmNn58jTzEkszcCeSqOQ8q6dZiPN22tvl6n7A70/Ydo7XircxY8CoCT4V2dfVyjh7fscNsEdyfVGNlKJe40NcvZZqPmyoGP3NPmbm0oPxv5VlJyvhltvh0ztrvRIYlhka5HE11afo52pXce9sIxFfcAb41pZB8iCm72AxyEfx4VlaPlis773T7mOwD36hSuLCvYhNhO4ZM4yXf08heu363VtfNcW+09Ra1nmA1Nel4Zt+9IfmpGSZmvwpkjd03sYy2PGubv7pq000tNMPuOIj1HU1yafc1b3oqXgzEmAYHiLaVxf9HXNm0/L0/+b2f63S+4513ftO4ZO7M+M/z2VRwA0ry8yPX9l7N2huggBz8yQA6tFEFRrn+axvTzK6OjSfk8k7T2lEZG3fMjjb54z0k3+6qxHdwgMfa/bKHpWKSdj/7uTIQPsVbCjMT2TWRkv0/7fyIy1iL8EVmC/nrTzY4ezjfRhJ2XBtbRyQy2CtcC5uNb1HOsbphMY+YBoWu17m/jS1TyPlzLj0/dVxOR4st1VgurkHpHnwFXE+6pnfu6w7ZtX7E/6k49RA4341pp5HbcRz/DEszIuNGWiS17A6C/E10uHLuO15awbfHCuiogH2kXro6O3Dy+/wA7VV95zycpkBvXB3+dlaTwa42RJCC6CxrPXfjVXXKaxd1dIeu/rOvGumd0TwAn3WZ7sWINR8g4hx9w9MRQm5pXt8DgY5+6M8JAOp8KNdvB8TntLu1xkCCX0ryNex9fv/Dk7erHl0zHyoZ0DIwNxXoMsjUADKyY4UJawtWe/ZNYrXXKh73u8Es7AkWFfOfc+zyvh39OvGIlM1ZPkNrV5828tdtkpi9yvAqqD1MnKuy/Yzpip6rdd5tE2cvHzIUzIR1KGF/EHmDXNtJXu9XZLMw9zH9zFBGumlRLh0+/Si7z74dz6gL6Bb2GtXNoi8ob4WZOR0xobE2DEXP3mnbInFWPBmyUQFgb8qi7LkI3POaOL1AdbfLfX8KrWI3oEUQKiQmxPEVWGUalzY4EuzcOfCnIW1ONu3GCHGm3CZwsYv0FjpZeJ+ArT+Bp+3Ou59/Tfs9WRCuLAf6HWNWP8TfHwrq6uvDi7u3lRdkYRTqxW3Jrc1PGunjK5NljXe5YkC69LaK/I62rl86sNtUbLme5KX4341lv5VrDpZrQ6a3rnvsMGUyR/wBlXThK5KuhJNqZYMMqcKbqb05FQ3/ds2lXTwi4J5UkBUlWHOuqXCLFw7f7zycWRUna6kgdVdnT9rHiuXs6fzHTsTdVyMITrwte4rt27fGYx1iu7/vAaMqrXJ5c68v7fbbq6evXyo2Wz+7d9L868PbLpLjkQJdTrU2GE6ZF+uPW9VrpkjvZe45cHL9t9YZdJY+OvI/EVcjo6Oy63+HRtnysXLjBawsOB5A1O2r2evsh1umFtq4Tq0I9XFwBp9tThtKb4MuwiPpRAoA52p4K1Hbrum244PA6EhR4U5ojbdSt53+MuOhgFvfXwraaubfcj/qARY6r1dRI9KDU2tpRxTyBhjytwnT3iVQ6iPy8TT9CS0w723awj2nHNksDNb+EHRftPGterX8o798eIrCsykW411ONM4eRJDAGI6pSSqnzI5/CtdfTKzykcLIKQiAgNF0dFzY6jXqIPnV4z4qLG3geRevHIZuag2P3H+w1j2fX/RFQtkr6JUKMOKsK8/fXFxSoksy+2b+FEholspw/SprSQ8MM9zZjc8qeBgfHZL3NTYLEY3+oTXTr6SIhPUPCqhOi9rdyRPgjEYnr+WuzTsmMVy76Yp7nbGkkRm6teNqw7+uYyrS+VR3NZRIUC8Dx8q8jt3mcOvWGhicWUGzGouMA/wAHIWEES2OlHXthNmUbkQtLndcWmutqm75q5cH8m8ZezGOSM3ibz4MK11uY7fr93jCRP1Bkycb2/wBZGh5WNL43bO1DTdxTxlo0Y2Ot/jVTrL5EJuvcU5awfqstjzrTXVltuYY7ZuX06FY+RPG1O+ExY8DDRLMw6mPyjmTWdrTXVNzZeNtG3tk5DASPoFHEnkq0aa3Zd2ms8udz5EmXlS5b/NIeHgBwFd2uvGODfblSsVQ8tuNuVXGdSkDJHd3PUg9K3FuPzVpEURM2MzNHFe6i5B1+405t5KwWPI6ba/7eVVlOEhj7jHIvTPr0i6Pz01tWXd1zefymw0yczHmQtjt1gDW3KuP49p7PFRjpJ89qeYoOKXqlA41VhVbNiwNtkjMmRx5AnhWHZsNZlVfYyFbVTauqbyoO8PDllaxUgVnv2Y9HNU1tmLJBkhlBtz+ysb307pFll3iVECk3W1rc6x2+xsi6SIbLyRNJ6VuTXNtOVXKZzBi46RrVfgcWyvSlzqeYqsAEShL9HzUcRxCjd5yUlAZTxDC4qsYVLx8rX2v2htmXsmS5iUyxTaEj1WKggX8OOlXyuHofWvOeUBu/bkeMzBluOVOb5bXRBjbo7kLEAD4CtMp4nsGIEUaaCpqpqcz7hjbfD70vqc/6UQ4sf7vE09NLtS22mqo7nueZuOQZJnvfRVHyqP4VFduunGYjj22u1yQE0A/CqRk4xYegmSxY8Q36R9tOFazJzgvUsZv+kCq5JmpOJG5k6lPr4s16NZ5FiYRXYWlS/g68avCKBkrLCOpfUnj4fGizBwLZ8fJjzTMbRYxuWia/qv8Awr/fU6z/AMHtfCayIMdoQ8NxE+ljxX/CuPu6uNzPSPyj0xoIZepqjJVO7HjjKywFAKDXU6VlvcQ9YLHjQzwi4HxqtdvCZqcYwxz/AE0W5rPLTOT04Yjx/T83KjfXwvj4Q2a08bgPw8ay2jHaEQ5EZcKCLmlgpTmeJBYqbnn8aXpWEbkZDICLfZT1EgWGHebqb5b1pZgWpUwQdNwdaEZ/Cb7F3pcfcMjAkP8ATyEuPDrTX8jVSOz6e/HbH7J7mzIXnaMEHlYUpHp7VXZFVRe2tVGdphnbjFiR9bHqc/JH4nzrTTruyN9+KsZOTPlzGWViSTa4/BVrs11kjju1t8jDbciNg2QFgBHoUkFj8AL1eEXb9D9CRQlwNSNHe35a0FkLGaWRuuVyQOQpSn4ImhCyGQWVX1LMQLHnagZOMb2gPSQxHxtVSpqRyo8vBWE5BjgWeNZ4vUGvG/ynQ8/DjTm8vo71m8W/RxZBZyk8AWxVk4seetL5C4HyZ2z5geRHbHyUUMiNdomYEDpBN2Um9xy05UXbNKa/tpN0mivH0HruARyOvCnnPhHE6ztuEymbF0YavB4f5f7qx7Oj8wpTrZ8mPBxzJ+u3E1w9ky0yfY6sYPYS5bxFPTXwk5xcJYIyW+fkaLrg9Tc58gc9ZsoNY3byd2R2dlrkSWHKp2RDJkZH6r2HIii1FPMWVnuxN7eNZ7bZpy01mdWm1GlXouiGWONQV0FFtZ0SB5Zr9HqvoAKc1HpGbtu7bPkQjGYnIV1kkYfqKm/T/l/OvU16uGuL7ro6p5yuO7bfHJLHmxXMGSiyxjydQw/OuC+Lh6k8xX94zocRGHBxwFb9XVb7Y9nZNf8AKnzSzZU3UxPqIAHM/CuuTEctuWlyIsc3ADONFbkD5eNGU+RIM4W1uWPFjxpypsDmmaVggJIHGi0Do1kCj7TSDcyJKnS9tD1LfxFAlw2H6CEDem36dBTOtZG4p0JHNeYRXESEk9IY3IHgCakeaQsuE6Xkxwp5c6qYB1BmKhssaBDzK8qcqKksfMRjd41LDgwUXtb4VWU4PIpGYmSB+iQch8p+I5VWSpOTE2WetB0SjWSIc/5krk7ur/6giy9vSI46yLsedZdHiHrBN5EoYup6R4Vh3ZtXtMK+8xcMOLGsNYzCGOFsedXgQ2y5WU9J4VMg4tYuQVuoNLgOLMvIRUtzPMVfE4aGRnUAcT9tF1FiUhzk2sw++DJMNRipq5YiyqfDjfxr0vr9E0xtt7E0tRG9bZum5ZJynx0xWsFVGdV08bXJro7JdrltrZJhNP3gcDt3D2xykmVip7RmUkjpB9IAPMDSuf4NZc1t89xiKdk5kuVI007EgkkA/wBtaZZfk3GQ7S3U2Vbm/wBlTafE3J1tppwNTDKViBflTyVLSQqPPxp5KweGVr66g0RNhcsygW8KYwAck9HSNW4A0sq4tRoq+qQ3bwpYFFV4yep2HwppsHTIgBsCKeSsPMfIjBB6vT8eFVKmxIxlrrNA3qGptVJSEMqzgMg6JlNyg8f4kP8AZVe02LJtL4+NAGHGvC178NtKbbxuUcw6b1V2uw2quO4jlLLqPCpkRgg5c8jAgaCnRDLMbId/Ter1wfKD4+NKqAk+rnTG20KyIV6bHVjwpZKUTHx8rC27J3dITPDiSRQyOpUiF5+roZgT1foaxAsD5119Wk0su3v8L11u3pDDN9vLfLku84HVjG/pDc7jxK3t5103a5yuTxgxytzypZLGX0HVW8RSu9ompmzoNSS7edLKvJJaSU2PCl7PxBBZI2t8P7aKQKjmTSh2ttyotItBc04VFLBR500hM5ZrDU0rVSHOPhXsWOvgKcibsdrhQfw3qsJyU21wuNBY0+I5G8m1OPlvS4jmA2JkR8jpU2U+UpeNm5GO4sSPEU5sV1TuHuST2N+iYcbc6ubM7qmYs+XoIF7eFeFZMiAL7ss1zqD+FXywraiNjAyFai7s8iiBIktxvy50a75oMcmL27FRqeNa8oIHHLIo6mJUcLnQVp1de218DAGRkKHEYN3Pzt4Dwru6+ma3P5XIY5Dh0YnmR0+Vq0qp4MUdWJAItzQ8vNaMtMBSwL81wY3JsfA8j8DU3VQTYzMRprexFOwsiSosK9Ci7fjQJ5BmBSNUPzcSPM1nVQEXFEBYF6ohAekUJDZ7nxJpWqkOcWHW54mqwjapGNfDSqSMoplRltp4iqhWDBQRcU0t+2h4igAZG0wzrcCzeIpXXJy2IifHyMKQE/L+lhWWMLlyvMWCF+bnXgXessiDGCm68qNtvBEPEAwa9KXwbGKs1jSloM9zz8fFBUAPOVJVPDzau76v1+Vzt6E1yiZsxpCCzXI1VeQ87V68skxFyGvXcs19TpUxRrlyWHSKVVqjmuCTfXxqVweN5HupHX6T1W4WtrRKZ9gIrxvMTcxjw4kWsT9lXrEbUEIpkLtqb6eFBGGU3XM3xrOtIR0gW5nwokGRSBYVSAZJLmwqbVyCQR31NORO1SMC+FUzydC1UKILcaCLB4UQChuk6c+NWVLBF6WSKWVlPGnkhymPlR9EqjXnT9pzgpN+utzxvXzt0xT4k5G+G1hxNE6i4+QpN3Ij6urhVTQ8GeXvLpAAhPvyaoRyFdXR9ee60muUfGzt1M7Fna9yb3OlehJ4Mvq4tzawHwoDbMFQfeaAYzv1t5UsqhpK3UelajatNU129hj3jI2vSvPxb/CturXyz7Nj2aONJ/bghGPGxaNhxBIHUp+Njr9lTnzYJ6yZPHHj/MeqQ6gnQAeQuPzqrMBDPcuT+dY2tCbkeqjIwSZGOl6MnIxFudaUFp9CoAueArRlTqFiQDwvwppHUgUZGC704WAzMTIFU25mjIhZnYm4P2U8jAiZQuA2nwoI4SRTp+NUTBI0beVIIst1IvR9teVg/wAhTORxa5FVrDwG2T6ADVcPJ8Smu+QCov6Vv5XHCuvT0r8C9TqLcatOCkXUINSLi/woOh5D2v8AcKKIYyPc9C6k8ai1chccK+4sa6nizGngWrPs0HRiCQjSQl/v0H4AV09U8Mtwd6umbg9LfMf6gHnZQDoPCsdtf98q1v8Aqa7nje20sxOoFgPjT2PVAr0ksW4XrGeWlakK2svCiiBiko4hj1F+PKqwz2o5a7hFPDj8apJ4mgHkKIQikGmMEzTBF86BgKEN0dZ+Z+HwoGBwNBenCw0TSIpZStMHSSrKnH1CmWEdif6D3+blXmb+zvtGt7vW1710TGGvjDNdPjQD9evpjtw1vbx8616/SIKL9Prt1cq0FITq91rcba/hSgoWT1/ZyoqoaDouvx9fjf8AuqVU4gv1zfx2NqqJq3Y3R+yh6fk6Ev8AC1devpjfYO/e91bb1f6fuf0+HT8wvWG3/svX0Ydw+5+2bjbrHV/tw40uz0fWq44+dYN2fHjQGDzogPVt0i3HpFWxrWP85vxvRPZ7Hgv9lNH5EF+nSmdyaZF+pev5L6/ClTh3z8uXwplStb6UJhJvzpkSb21pKLx+vr9NEK+n/9k=','What is the first name of your favorite uncle?','juan','admin','21232f297a57a5a743894a0e4a801fc3','Rosales, Jerico Maceda',NULL,NULL,'Y','ADMIN','Y'),(30,'Batumbakal','Annie','Frisco','afstonemetal@yahoo.com','09366527566','iVBORw0KGgoAAAANSUhEUgAAAMgAAAD6CAYAAADk6gg4AAAAAXNSR0IArs4c6QAAIABJREFUeF7t3QncbVP9P/DdRKEkU6JQiMwkMidkJpIpySUlU2UIiSYUMhcKyRQhQ+a5zJV5SMYUKUOiqDT8/r3X39K279nn7H2ec57n7HPWer3u6z73PntYe63v5zt/v+tV//ffkaWRViCtQMsVeFUCSKKMtALlK5AAkqgjrUCbFUgASeSRViABJNFAWoHuViBJkO7WLd01IiuQADIiG50+s7sVSADpbt3SXSOyAgkgI7LR6TO7W4EEkO7WLd01IiuQADIiG50+s7sVSADpbt16dpdMnz//+c/Z448/Hp45yyyzZG9+85uzV73qVS+/48UXX8xe97rXveL/ejaB9KC2K5AAMsEE8sADD2RnnnlmIP4pppgim3rqqbMVVlghe/e735098cQT2U9/+tPsL3/5S/aPf/wje8c73pGttNJK2Rve8IYJnvXovD4BpI97/e9//zu77777sl/96lfZ73//+2yqqabKFltssWyhhRbKXv3qV4c377rrrtn73ve+bIEFFshe+9rXZn/4wx+yhx9+OFtqqaWyW265JXvjG98YrgUS//+nP/0p22233bLpp5++jzNPj44rkADSB1q49957s2OPPTa7/fbbsznmmCMA4u1vf3sg9Lvuuiv8vPnmm2c///nPs4suuiibNGlS9prXvCbMhMr1t7/9LfvNb36Tve1tb8umnXbaIF3i/992223ZlVdemR1xxBEv39OHT0iPfGkFEkB6SApshVNOOSX7yU9+EogeMEiF4rjiiiuyt771rdnPfvaz7OMf/3hQq+qM6667LkilPffcs+Xz6zwrXdt+BRJAekQhbITTTz89e/TRR7NNNtkkm3LKKds++frrr88eeuih7GMf+1hXM7jhhhuyd73rXdncc8+dPfLII0HqAKP/m2aaabp6Zrpp8hVIAOkRVdx4440Zg5sRXWU89dRT2R//+Mds/vnnr3L5ZNcA5D333BMMdrYJT9jzzz8fpBH1baaZZurquemmV65AAkgPKIIxfvTRR2errbZaZQ8TdYxd0UnStJvec889l3nOW97ylmDf/PWvf81++ctfZo899lgw/tMY+wokgFRcQ16k8847L7vpppuyGWecMRA2Lr3uuusGyfGf//wnGN9VR6x0zsc7qt7b7jpgveqqq7J55503eMfSGNsKJIC0WT9E/8wzz2QnnHBCduGFF2YbbbRRtvLKK2evf/3rw1249y9+8YvgTeKWHaTBxuEFe+GFFwJ4Z5tttmzOOeesLOEG6Vsmci4JICWrT8cnLU477bRgJ6yzzjqNcqtStzgMfve73wVbh5QTO/n85z8fJGAa1VYgAaTFOv39738PUgOBrb766oHzlg3c2YiBv2rLPv5X/etf/wpR+SeffDLbZpttkqer4hYkgBQWCjgOPPDAoIqsueaaIZLN6OVKZXfgvrPOOmvIjTJwauAQJa8z/vnPf4bL43Pq3NvttewewUmq15JLLtntY0bqvgSQwnafeuqpId2DSsUjxH278MILhxQRLlSxhnzioKj5XHPNVTtgxwNlvOlNb+oLwXEqAG2M0MeXkCQPPvhgBqDULvPABJZZZplswQUXbJQa2ZeFKzw0AeSlBaEqsTmOOuqobKeddspOOumkbL755svWXnvttvvAGF566aVr7xXj35huuulq31vlBpLN6BQ09N2AwkP361//OvvkJz8ZHBGYQa89bFXmPWjXJID8d0e4RnmjpIksu+yy4ecNNtggm3322dvuFy4MVO6pOxjPRh3XcJ13PPvss+FyuVxVh3t++MMfhoDjRz/60WzRRRcNGcajPEYeIFSMyy67LHh7EDzOKRpeRfXBeen10j3qDu/jJpYa0o/RrYTyPfK8JESSoJttttnAOyD6sX7xmSMJEHlL7AwZswgVUUjXEFxjvFaNbks6JD2qXp/fSO99+umns0UWWaQv++vZRrdp8e4/+eSTgxTZeOON+zLHJjx0JAFC7xZtlix47bXXhuKkVVddNUTGW2Xflm3kj3/842z99dfvap/FJoCUA6AfQ7GVMZacLIb+kUceme2+++7BczeKY+QAwosjyU9k3N+bbrppSEvvZsjeFV3vZiDgu+++O/vABz7Qze0d7+kFQLzEGnFzS8sfRaN95ACiSo/hKcFvrINRT0fvZgjYKX5aZZVVurm94z0klDHzzDN3vLbdBeyyb3/729nnPve5UC8/amOkAEK12m+//UI6eC8CdD/4wQ+yLbbYoiuaYUQrmJLs2I+B6xu9UI2UCwswcgH3Yt368b39euZIAUSA7IILLsg+8pGPBLVBVV8xkFZnoceiYolT8J59+MMfrvPKytd260bm4v3tb38baujVvwOyyDvVtFPaTeXJNejCkQKI+m8tdcQ3eGmoWyLIddNE4v6OBSBSWnQz6baisBONSY0x2sVygFR+llgJD94MM8wQMn+5n6lW4kM8fuwQZcTmfMghh/TNNd3pmybi9yMFkEsvvTR0D4kDIfBE8fSIhsupqtN/im6+3XbbdbVvXMsA1i8XKhe2oWlEfgCAFPhzzz03ED8ng1STTsN8b7311uzwww/Pttpqq2y99dYLttywG+4jARCckNGqOVsrQ5PqpRGCtA9BPyBR80HatGuooIrw05/+dCfaKv29qLX69X6MO+64I0gE6lEc1Kc777wz5Jd96EMfCoHAusMzvvOd74TnAkovnB115zCe1w89QKhSGhyIb5AU7I5WA4cEIvlIakEMaob/F+0WKymmtI9Fgnj+xRdfHMp0+zHOP//8bPnll385I4AtweaRpfzBD36wa7XSXEkhc1dXv8MOO9TuytKP7+3XM4caIAxNdR2LL754IPA6eUU4JcAgLAE90gdh5WtDBNG23377rvfmmmuuyZZbbrm29zOOjToBTNfry7XlllsGJwRV8vvf/37ISPZnLI6JOFnMQ5CVIf+Zz3ymJ8/seiH7eOPQAkSgbO+99w5EwtXZbUETCcI4RQgyXqVuiJ4j2BNPPDFk+3abkUtaAW670W1afAQvQvYzSTXPPPP0lJCBl6QaZu/WUAKEiiQ9AvHyzvRyxH5WG264YYgNyMPqtjkCzt5JqnWTlSuJUsvTNdZYIxjWVCJStB+DO5k3jHQdxjF0AOGZOfTQQ0PlHwLpx2DoaiH6/ve/P6S7d5tuUmVu3SQdMv5XXHHF4Gi4/PLLg8epXwE+DhDvIKmHcQwdQM4+++yQmdsv92kkAm5UsQb9d3fcccfKtKHO3dBlpMoQtGNY5xstIEru1VZqo99F5wEbRzJktypglfm5Rv1MvzICqs6hX9cNFUBEx/faa6/QNI2Ltp+D2sKVesYZZwRbp0rKu/JcsRh2Db2dTdBpeIdjD/Lf4zu5WVvFIDgVcHRuXHZTMQ7S6X3d/J6Uoy5SZ+v2Ge7mfeN5z9AABMFqaYMwZOeORwCLkcpLttZaa5W6j+NmxvgBVQTnl8fF+9MJWFdffXWwcfLRfmpdWdMFtgebIAZEO9k4vSA2a8/ly/X72c9+9uW+Yb149kQ/Y2gAcv/99wev0rbbbjuua0oqGK2cAfmWQFLbOQ+4WQ0NIVQtdpIiP/rRj172msUPk6pfZl95ruDdO9/5zlesw3i0JwJOKu63vvWt2m7pcd20Gi8bGoDg5PT697znPS0/n1qDs1JBqAO4uHgA4xWXpad3Ex9gU1B5WnF0BUd+BzzSShRlRXtAXEVpa6dm19/73vdCFm0cbAwJl7qutBrHHXdccBoUmzWwZQCyW9XT+gG4NBU/k2icAEVJHR0E/fKa1aDtnlw6FAChvnzhC18INQvF48lsJoMaB/czEMTjzgDD9dQcCXvSUOp6e4BN0qHCq1ZDzQhuDyCf+tSnwruB1DuVtGriVjaAAcHnr6HvSx5sFWBkc5x11lmvAJRncxUzpB3tVvZ93gXM5mcdioFJa+c5VClxIT8DjGvz8RVuXxLuK1/5Sk8IdKIfMhQAkWmKcHDo/LCR9GJEwajFPRUQAUWe87ElcHscthspIuFRHKBVBxEeJdF3hna0C8RP1HoLsrEvymo2ENvNN98c3LRxiHEAZStJCaiem28E4duARtpJqzw0wJDVTMIgdOtEyrULrAo+CsQKYlKrSENp+9bW7/bZZ5/sm9/85piLtSYaHN4/FADZY489AnfOG6Q4naYKsnRFv4ugaLf4iKYOUEgE+V6t7ALgIb3MEVfG5REXtUtVoXSNspoQ4GZL5O0URVb+r+gmxs2pmdSxPHEjYGqg0t6iOoSBSEkBYM0nqE11JSiVi7ub/ae6EhOQ8+Vbu622HARgxDk0HiCIkyGbb/BGmiCMJZZYoitjUTMHKhCOWzVFBffG6YuqCXXI/L785S+HNZc57NmRwOVIfeITn5iMeKk0Uss1sYuDoS0IKv+r6J2iRuLo+fp6oGEwuz7fxigmZnq+6spusnqLROwAny9+8Ysh/mTdDzvssDDX8fAm9hNQjQcIYpaUiAviZr3ywwMYYtfYrQpXRfjeXcwWprpQqVQxGuowqILRVjrnnHOC5CkSPFVFl8d8EJKnji3Ryt4hLXWhj+8nHdg4nAdaisYBHDg+O0FOWVl2czdExxYESNLKXNmFVdaum3eN1z2NBwidnMFIkiC6dp3Y6yxqPMKZbYLDdioqMgeqTPFINXYEtUpE29/sDh1C4qB+ScMvHklADdPUIdpV5nPMMceE+pFiZNy1csR4tqLEEyzEvYs5UjKTqWlSUcbSEqhsLUlvwCaxAKTfUfw6e9rNtY0HiKCZYic6vT/xcJtuFqPVPdJW5F3Jum0Xs6D+iEFwb+btF9za7wCX9CAZpGVEzgpUCLloqOPAjPEIOIYwg11QMj88WymxvLBYvKTnFwmCk+fXA8hkJLM3+nlGiG92TPW+++7bM4bVq/2s+5zGA+Tggw8ORivvTSdxznDHadkF4gSIVSoG92dZZVyMn+C6VC6R+rIRDda8Th9LX3mxeLQQMqdBlHRl3UfMk53iPiOeGFVMHSE9SKYYqCQh5If5piKzADAqVVmaSl3iaXe9+ZqbbIEmj8YCBOfkIUIMyl7LjEEgQDS6tSN2qgUuH4nH73igGM5iC+1UKQR2ySWXBDUHkbWqyaaS5Z8Ru4tQ/0g676Y6RUmAuKlnRdXw+OOPD14g8/IN/l30UFkD3w8cnu860gSIW6WwUH+6bUVal8hJv5133jkY6v1q0F13Tt1c31iASOLjWuTlaeWSRTzcqNQjXNphOO2IA3HxxHRSPQBAOgVwiEXQsdV+FwOUcTOihCBdqD3uoX4I/nGrilMAXj4S7x08X2q+46GcVK1iHMN1nkv6WQP/JhnruKi7IZqq9ygIE/XXi2w8csKqzqvOdY0EiJQRkVopFfmmBPkPp8PjmIJX1JJeuxvZBLg17s/3D2BAwpagxkS3akxvB1aBSpKCihdLeM2ZBKN6xcHDBEjmDbSeke/Gkv9O38j2caZHP4ABgPE0rHiAUB0Cw8RkLverB3GduXRzbeMAQk3iY8d9uUdbxSkACDfFWTtly3azaPEe76G6ceGKOeTr2P1srlGtY8Nwt/pDugmmaTtq/qr+2FAGiUJCeSZQ+w7ct/gdvHbcx1zcAIkI88M7AJGXj/TsZJ/Fe0k5gOO29gzvjmtsbkAoYyDvFGi3hgx2Kf6i600cjQMIgth///2DflsmtqklNrWXUgMRk0oIn07t2DVGNDWC+kOSeS8Co3/72WCo+rej3ahRCNZ98ZgFBIeQY+oIm4hUirXqiDTPBBBc7OWlzlwLHmn+Mf7jfVy8gIWgETLwdVoLQUbqkHfLOPZ9Rn4dY0YwxqB1EDsOk2onuayDmnjZAoN2VHYVwDYOICLWNmS8D6EEENyfGsVmEEhU3ouQSIKyA3eoR9QrHQzVShiyeKWRcArg/ohZPAQxAwtVjKpG+sQOh95J9aKicUqwew444IAgOcxD3QgAi22IjgOtoCI3uP/3DoMk8jtSQB6Yf5MYVDmerzqBVvd4vnkXvx8wqJG+g3Rlh/Di9VOiVyH4utc0CiA4F27pT5UToOouRrvr4znjxUBgp3eQCGpGcOh8ijrCBxqqIknIpkJEuLj4he9DgPH4ASkkgoaxcIrt4X7SifuZlGCzVLFDYhoLrm5eJEG37Vd9h31pFRDk6uWCxwSU/5rfeDO2TvvT6feNAojEuhho6/RhY/09HZ865X0MVRzYaVDFQqRO7yE9RM9JmVZ16FJl6PuSFrmgDWoOgkX4Oj2OpW1Rq/l5p4Chcwjzw7eSRr1iPtaN1ON2BkpZ1+IidaRUp/Xt9+8bAxDxAlxWJ79uuV2VxaQ6ISDESf/G3WOtCHWq7rtJgeiyLXNHa1BHEnBDIyoBTVy3H209EaoESWoc1ce7owRgv0hNifZHlfXqdA1bxXrKH+Ny9z4NuzvZRJ2eO16/bwxAqBMxbdvidNtxsNPCinxr6yMYGDuHAIs/VdSX4vNxZcVS7bq4I1rD+/pdGss24P0iKahFbCpAJC31Gsbhq3q8Oq2l34sDScgklWT6RpulKcHDgQcI4sFVVQvyXAmEUXcU+TByWxFtNG6BKHqAEJ9rY0Vh2ea6V5mrY6DzWbBViKHsGi5eBUuDPHjjEDOVrp0HMLqurWcVKUAynnbaacH+YIvJILYemlewfbphOuO5jgMPEFJDrIHHRbIgfV3SH1WrVWIidYErlFeIgUxtwf0BC9eyUVJBIoiikem+uOm4Kq/VpEmTKteDtNs03Los0j6em93uXVRYnjX2AZXS3zxlRa8To9611tR6WcdYkFb2fHErjhX7Ii1f8BYIOSM6nUU/0eszsAChu9NZ1VMgamKfq9OwcSoFi4P9QD1iN4g8W/x8DIEaIU4RVQq6fgwqkjbeQe2gDth0RnXdptETvaFjeT9mQTIjZKoYpmItMJbIjKyfdeRFs0f+7Q8gvfe9721pgHM3s2/kksXkz/j8QV/fgQQIFYrnh8iP3TQYlVydjGSLW9RhAclGuIanqZPo5qO36eIGNpdUqaIyjIUAm3RvlBTsB+n5ZfELjEVCJmmNgUl5KbZAAiDBXapr08ZAAgQAcPbYPQNXx91xMx4Ytke+rQ23qMYE9NuqbW14VkiJXpSbNm3Tq85XLYzOkbKKOzEPQOEaZ2/YHy7x/Pja176WKU0YdFWzuDYDCZCyDeSWVNvN/ojD/7FJGNWdpEb+ubxVpJMzCtOYfAWsDa5vXTtVU+bvth+AIP+LmhtVXCkxMgmox00ajQKINBOiPt+UjGjHlVq13OlklIpSF4NlTdq8fs41SuVuTsCiAahf0RQvtiDi6rbWvTiWup/f3VgJQoSrcdbEIO+nZ1h247f3PLEVeUtpTL4CHBjiJWy6qp1d8k9hwIuiKwyjGkuhkU0wHs20e7mfjZEgvCCMvF6dQxEDZlSINCZfAYyHq1tavmTEbg4iYufxKmrJpE5eMmQsIW7KmjcGICoIqUQx4CZ4WDftw6bQrSUeSgmX/pCM9HJSBRLlBTyKvIRSULhyxTGqDGvNs8XjyAUPIL1sM1RlDmO9pjEAkc7NABTd5oeXwl30lLRbDICSUaou3EbrxNj0ljRj3fy69/NqYVKxuKvK/flDUHkZu2FqVd7Tr2saAxBeEMY5I4+rl+uxTosf6gL9t266er8WvmnPJQ00hZMiX9dVK/jI5sv3GG7K9zcGIPKwNDqQ22Oj1E7UGQKDOGDscFjn3nRtFqS2ZhP5pndV10XQkSTJ191XvXeir2sMQGSCHnjggUHESx8XeKoz6NPOriDmOx1aU+e5o3KtaLnUn26bL7BF8v2Tm7JujQAI7qXMVEt97TcNNkTdITrPtatZdDeu4brvG6brSWCu3277agnmjvfpX71Y/0YARA23g2jYHQ6UkT/Vrr6ibGHUWsgGZssUT2DqxWIO8zOoSKoQZeB2k2DIbtT9vWmjEQDhfdJBkKGo+wc1q278QtxDR0Op5yl63h2ZAogIO5DUCR5iTPpj7bnnnt29eALvagRANGhT2w0YIulOiN1iiy1qLZv6EGnc7kvqVa2le/lihE6CKzWo4yKnmrFBehXk7W723d3VGIAo0mGL8ELxYm233XaVvxjXU82G81XN9q388BG7UJKncoQ6tojYE/d62QGrg7yEjQEILwoPiiDVLrvsku2+++6V15VrWLdCRmKd2EnlF4zQhaS5/sVlLV9bLcWVV14ZavzrZFsPypI2BiA4l1QFXIiatdtuu9XSg7ko5QZtvfXWXRmZg7JhEzkPhvrXv/71UD7bqT4kzpPdKE1IomI3xv1Efq93NwIgRDQjXX8l6dOkgfT2Ogl0NirWQ8eeuBO9+E17v4xcteoaO1QFiG/khRQsFEmvc98grE8jACJRTiavwyglysXjAYoNmzstKCNfVrCu8E0U952+r9+/V3sTT96t2ztL4w2xq6bZgI0ACBtCLchXv/rVl6vbZOPWMfoEuriLgaPVeeH9Jq5heb4uM8qbSYM63kBp76R/XWBN9Lo1AiAWSRSd7SFRTkzDJjlrr+rQgl9v2zrGZdVnj9J1PIkSR8Wh6jg8dEFxb9M6vDcGIER7PB9Q6S0pUKdPLvUqxkGaaCwOAggxJifYymUrO9CnbJ5sQI6Sdmc8DsI3FufQGIBoARRb6UtUrHs4pA2SrOjsC7XSadRfAdnQJLEy2rrGNgnCVe88kSaNxgAkLiopoL9rHfXKvdzEgoU6NNblfk3a0H7OlXNETpx4VN2OiCS4jiZ1itz6+S1Vn904gOghK3WheCpsuw8WSZfqsMQSS7x8clPVBUrXvXIFSBGBv+IZ7J3WydEHiq0kmjZpNA4gEg754uucMaEB3cknnxyi7009bXVQiIpHUbCwTsBVmhAGpYNMnSTHQfjmxgGEmsQbUtdVq6M4NyMpkkb3KyBoq6VPnbp0Lt6mGedxhRoHEFm9DrGsayhSyxzeIoqeRvcrYA3FlOqoStSrbgrcup9l7+5sHEB4oxwGydhudaRZq6URAVYHwoNVt+FA75Z6OJ7E1evQT6PqITgnnHBCON+liWvfOIDYGNFcXEnX8U6DOsaw10+rV2fvdXrnsP9eCyXrH0/J7fS9cuD0H9NTq2mjkQAhRXQdr+Lq1T9Ls7J47njTNmhQ5yvoByhVpLhERX3N9BVo2mgkQCyyuoROHTZUwOmAIkUlRc97S5oMdRkNVQN/WphqGVQ3wNjbWdd/WiMBgnPJB9I6tN0gPcRA8ueT11+idEfZCtgDp+J2Oh6BBBE/cbhOnQTHQVj5RgJEJq+obqdD6XXScCZFnZjJIGxKU+agQwzJ0I4BiZto9gAcdbKvB2UNGgkQnMu5Fe2ySfXxZaeoPKw6gI63S+WcRnOMeu+IJ1xVfU4TrvN9vpM01i8sns/I09RJIsTvo8I6u97Zg2UBQJJDDY4oehNH4wBiUxzGwkBvV/QkXqKTSZkaxpd/7bXXhhb/8oRsJILxfK5MjgDPt/H+1qRA9jAuyPbhkeHmHHSd2ndIEuSaVZXpW5UeSx70nfF74zHZvhdDkMrjWwUErXVZYPbYY48Np3SVHWAkgu5ItqYVSkUwNw4gJi6z98gjjwzpDmW+9VZHrAGFtjVKR4EnngceD/L07+iVwWEFxcRQcFn/9gdRxeGsC3XyosQrrrhiIBKcmENgvCsWzUuDaHNkd/EaXXLJJaGTpIrMOMzLHP3RaZ2HT5VmtA240IGGBMb5Acy/dSVxrNpWW231CrBQd6mwZcmLDuER1G2qk6SRALHZUh5wwTLfuvMocH3HJcRBqgCX4XeOg+5knyA6YMMJvdOGOzMDcBBjHHK8SBYFQf6onJO9qgOILo69ljTxOGXfJEvAmSc33nhj+ENS0P3jQPyAoFhM7ALH111St/tOhCuOJJfKWhtKDnxTHBoy+F2ZG13mtXWpU7szSKpYYwHCVuDCLUsdaQWQXiw8NYy6Aig33HBDOHoapy0O4NBUAudFlCQMtWWsQAEM6iAJYQ4kofw0ICkOklHuma7q5oCZ1Gn4VmW95FkBSFlDcFLb+tTtH1Dl3eNxTWMBQo+W2VtWwsnFS0r0q/Yjng/uPWrdnceHc+dVsLiB5oGLHn744WM+nwQgxHW8K3L1PKFQobxLfILurwMJW6mTpOiW2AQMzcN7Wg1SFkOp2yq22/n0+r7GAkT6Am5YdqQX45tY7/cRazg6acYDhngFz3Qyp4blB/vG/9PHxzIchybFhl2QH9Qn/6/zJKnFE8U+G6vE6jRXLX0wq7LsXgzEPEiwJo7GAoRqQxcuq++g+wJHnd5Z7TYQEEgNEiJKCUQfDfKim9OpSspT2S2qIHH0PfbYo/Zx1cU5McCdX05iMYzZE5pRSMTMjzhfc45gIl38MedeAYd6ByStYlIYh3ZNzrav0+BhkIDUWIBwXQJJmYpF/eKm7NWxw4qu6NsIgg1AYnBdcn/yfJFkfmZ79Ir4uiEUtgi9nxOB98rPQMVjxZDmPOC46FVmLQcG13GxlBYTOe2004KHz1HSTR2NBQjdVocNhmcrEPQaIK04OeLwh4rBFUyaUfvo/uOdHCmqzaXLicCDRUoAg7Xxp9fGeVyPMoDwrpGiTezont/rxgLER9Dz1RpIgiuqOP0GSBEwOLcYgtiJeXEfixt0ciOPlbNyw0rl8DdjXEyDROMYGA9JVgYQTMMc+m0DjnX9Ot3fWIAooZXRS9Xaaaedgn8+P6hfNme8zyOk70vdIFGoNv2WJOIf1CWxFob5eNd8c6ezQYqlzFzgnBbsEC7eeL59J4IctN83DiCMTl0WGcDOGkQgmlmrWGOsxtQQMQIGehUjnb4cI+WImk7N+0IaxIAb9Ql3pq6IZwBkNHgF4sY7ct6JkOI3RceCACnbCcdv9V3ctGy2mA1Q9ZvYZLGdUkxdsTeHHHJIyL+i5pHy9kb72H65mzutR7e/bxxASA4Lruw2GppAss8++wT3priHKDGdnMHcLoPQS0PCAAAa1UlEQVQUp0cwosGyUnmcAMOI6glvUKsRu8t7FxcmIAKQP70ygOtuKm6N+P1BtJiEDAA/A36rUfxOQOEZE4BlXGMI7c5zxEyolxpiiHeQGv5IYox9eM3LgUcYWtMkSaMAQn1RlSaFnccIV7QxCFI6hGOi2QF77bVX8N4ASKtAoecI7olZyCWiJpAAVDLPo8NTVxz1htikc0855ZTZOeecE1SG/HCf33Fj8g7x5gDMhhtuOG61D6SfzGWAYHvxtvG6yaciCUTxSVacnUTJD5LQsXSYBXUVY6EykQbUU2nqYiscD63UN4FCALEf2gFZu1133TWk8Vgrz/MO+3HooYdmRx999LirgXUZTWONdBt/wAEHhIRDRCGCy1OCALhc/dth9zYVIbQCCGPWEW7akJIWCBsB0JNxPLEVm+t+HM+/pczjtGIZ7iGpvIOnxp9IYIKTbB//pxO9+8djkKh77713mCtbQNAO1wdwkk2bVt+tIzsGwjXuOuAHIvcDEiYjLYREZt9hIIBGqjghauedd57M6RAB4n7MxhEVjHMVh9JhxGf82+8lOlrLfH7ceKzPWN7RKAkiQEb/t8FEP/WHihTPPrcQ1AleJNyumKzo94gXcVOr5CiROqRM0cBlZNOjN95440zWLuLRTRB31cIGlwQiREDX5kbFMf3xDoQYbaKxbFCne0lDkgHnBhDS1B/uXraZOfBuiYlgJKTEfvvtF076NX8gYL+Jk8ThmeI8iN93MripWwCQT1R0fczFInFE86PXCuhkOtsnzMV7qbDsIAHTpozGAAQYpGkcf/zxQZ/Oe6eoF1QdHBKndA3bAKH4uzgOPvjg0GURcZRVw3mfc73pzlQonVEAAWdmryimIsV0bHRNv925dQnKOrDTnCdv/mwRkhLBSoNHtIjaNfvuu2+pS5gL2X3f+MY3wtFrxUGlo56RniSp9aGKejY1Mw6MCxOZNGlSJl1mPFzQddespY32X0JobYX24uk9fIZNsNk4E7WAMZwfNlBxFG7PQGRk8kDhmsXh/vXXXz8QuPyoMqOadMGBcU3X4sieSVXwb0SomTP1ZhAHNW+zzTYL3+ebFZqRlFqAmjt1ivQhJVoN0lB+F/VIsz5AKw4SlIfPc6SUkFSnnnrqZIesUufcT+3EVNoZ/oO0lo2RINSWL33pS5mjD4yiqGdoO0NEpisOyYDHscpKPUkEgKOf27RWHI2BiahaBSLNASfkJavSfmgiNl3FJC9TqwRJatSJJ54YTtzimCgOfBMzUt6MoMviOQ4y0pRBqg07Tsaycuhi/Mn+GXEPi/s3EetT5Z2NAYjcIlLCAhvFc7pxdq5exqQsXlIE8ZalOiAQCY3HHHNMSP5rVVKKSKSzUNOKXQRxX0Ckvw9qQ2xrwnMkH6pIkGwCapejsVsxB14ntgJ7SyJiWQCSOguEpIfoOeeHtS+uSUzNx+Cot2VZ2FWIdjyvGRqAWDQeJl4uRH/YYYcFI76V3hwXGEhIHgZpWVNrKsNBBx0UCCnWXfPs0N0Rz3hH6usSh++zHuykmFHLhgN8581TSVsN3jjqmO9rF51nzwGYbAbrwUvVqjYkAaTuztW8ngTB6XEfo6yJgN/vsMMOQRdmLIq61xlAA1h50wy3JZ0YuDijYiXcNZ+likgiJx7vdI884P1cnD+PnbVTSEWq8Pzh8nmpGOdfd+7Wm50CaFzspHyrQSIZfm/tkgSpQ5UVrhWMYkwKRiGAVi0vuWKV4XLbAhAuz9CukwbCPUui+JshHlNN/EyV4J0RL2H4xkYHQCPmwuaJte4VPqnnl8TacS5e65WfO4NbfMNaUD3zc/dzDI5WaSUaJ24tSAx2HNe6CDr3sThScVhPIBTEtSfWqwmjMSoWrwuPDHWh6OaNCw0c1B9GI9vDZpAmdRoGAIcgV+yR5W9DzIAnLQ4emVixxyMjjiBYCSQTVRzk24HD/GO/q1jxyIsVh/nGnKhYeehv86/aE8uz2BxUNdJI8JYK6tuBpDiim5caxvM3aG7xMrA2BiBUH+njjEJ6tSBUfkQ3Jk8KYAASCSKwWLV/bBM42iDNUYd36icJgvBJdxF4nrGiS5g7mCdMHETbpbqq3ER9d2MAYoHkYZEMdGibkB9UCl4pABHjUM0myiuIyHBPo/crQL0SDJQ6IuNArARAeL2KKhR3ORtOO1j5WE0ZjQLId7/73ZebveFEefckTgY4kupEwBmO3LM28KSTTmqMSG8K4VB5BRwxIO5iAVcReZJCXCXvAKDmkfyxCd0222zTlM/MGgUQRqBEQ1FyalO+3SVw8HTJ04rJd2wWrkwu2lbBsMbs0gBOVBCVGks6syk4MQRcNa7jocqXQbMZNZmQoiPhUbJnU0ajAGITiHLBJoDI2xY8NLw4Us0dUyzLFzgEriTRFW2WpmzQoM5TgijPlcCsOJGs3ZVWWimk3PNixVoQ8wcOgBHkpfo26QiERgHEYst7AhL2hhSQ6MKVecrTpB6DyOfREgOJXRAZkmn0bgWkoMRujSoFea6otJIXechiHQ5XsJQWdglwyA9r0mgcQHAjHis6rkKcGDC86qqrwr9Ffqli+jFJs+B/J3GoA2n0bgV4rUgEcRMFbI5AoDrxMLIHHaxjCBDKi7MPPFtNa0HaOIBQpRA+9UkgLKZ6yCBlm8g54tGSI4VzkSrcw5Lq6vj4e0dKw/cksSGtRLlrSQuSXO0Mz5WkRLZGPHYCYARSqWGAlFe9mrAyjQMI6UHFkjqheEkNCG8WWwNAonuR94rxaHPERRjvY2372YQNHY85ymJmjIt7YFKcIbxZBuYEIGwTXivpPoqoeBYxsVYp8+Mx527f0TiA+FCFTmwQXAwgcCX+d56qKFHk/Ei7ZpOoiCNN6M1NKdTpdkP7fR+iZ8+RGioy2RzKDGKOnDICEXaqFGkPMKQ3G0ThVdNGIwEi5UPQEAeTwkBycDtKP7d5DHd2iICUNGxpIDhakwp1BpWQYuEaiS2dhdEtrsH+YJBjQtLrMSuSRE08CW4vmlIklV/7RgLEByB24lrrUXk9XIsMeKJftihQkBw2kv7LoASeOnlZ402kXNdc0oNaX2I9SAcg4PhgB7I1qK/AQu31M/c7l7tgIi8itVhxWhNHYwEinV2thyQ5XhJ6LvVJKjrjUUAKgByTYIPUIwCHnk+DOpSt+o5icdYgzVeVIpBQba0vb5X1FcDlDJFSTw1jH/IqKk9WM1JWdzJI39ZqLo0FiORFei/RruTVUQAxQ5XkkIeFawGN9Gob6f+oZoM65CtJ6Ct2Sh+k+VKV5F5hPMoPgIE0939sEoPn0JEPwETVZQ82JTmxuNaNBYgPEclVgy5rF0fL132IpJMyWvyojiNlRH/FRwZ1SJEBjkEGiHiHrATSQRWmVkCkQ/58ErYI41wVo8NWm1IcNVQSJH6MJDjcqdikzSYpwRWgUufAPhFhd32xnn1QADPoAKGmShIVMWdnqDsRKFRiWyxK8y2kvOubPBotQSy8BEX9mPjYi4RP/DMeAYiHS19fzd/WXnvtgdwzcRsq46BKEDENa6i/Lk8VAHCGFF3ngMR419mxydIDkTQeID5CGrxyWMZgma5LJyZBqARUskGMhwCxmM4gZh5jNlQmKisJUnYuOtBwnijrbVJaexnHHAqAUKcUUkkvKTtMUgoE43HrrbcOiYyDWPIJ5PT5QYwXcNlKSGTDycYt62ulw6K0E4VRdXoBDKRIHxYJYnGlWdN7uRtbdUqkLxt89QzNQcwJwn0H1dsjKg4ce+65Z1jHfC1OJG6NIbjX2YNNPdV2qLxY+Y/hi+dOxH0lxRW5V+zwofJNUDFmmw4q5xq0eXHrCv7JfTOKNR2kuCRSkXbu96blXA21ihU/zubwmoiaF1vsxz5XVABloe0ayg0acQ7CfNh3+hxHFbZow4kxia7zEg6iitjtGg6FDZL/eE3StKGRnNjKw8LrJRXFRg6iod7tRvbzPswF46GeFr1S0VMoeVFzvSYf+dxqDYcOIFHU81rhaEVdmaEuC1gBVdNdkP0ERf7ZmIoCKVm5xTMG1ZuT2LxarVTb8Zpjv94zdACxUGrXY6sfqlTRaBfdpSMz1id6sJ3iYaATPZey9zPOzdPpUfnBKKd6GVoANanWvOpaDyVAfDyDUhsa7lwqVR4kku3UUauRnkhXJGknZV9y4qBGnM1RgZr6/nwmNHBQubh/FUO1ajdalQgH+bqhBQjdWAtS9QpsEXUhEQxclrwxup/MNNNME7Y/5ugYBZx3UAnMwTe6lfD+Rdc40FhPWQqaaDhta1jtuaEFSKR6m6huQWIjjqfWgq4s3mCTywKLE4aaAXsxr591EqPhxuUuJ5HVraizyZ9tOGBT78l0hh4gcZUcnxaPb1NDLWItkdHPaZSvgPwwCYkyo/0cj1ErO7lr2NZyZABS3Dgb7rTXJvWJnQjiUz8jet7UgqexrtnIAoRXRp26k6gGuYJvrBs8lvv1t3JylLLlYYmM112PkQUIA1kWMBtFkmMak6+ApEM2hqzcYTXCO+37yALEwjhsRoaqcy4m6tCbThs0Ub93GI+6GZnPDgUa1THSALHpEuvUrsdesqNKCMXv1utYrXnZmYOjsk4jDxBZqpqdpebWryR5rX00kBj1rOeRB4hAHR2bIdqqjmRUOGX+O0XJOTDYaBMZSB2EtR95gAiASZWgYqWYyP8nSfEOfa1kIQxqAdd4gWfkAWKhpVPgmNIpRr0DvM7tjq8jUWeeeebxosOBfU8CyEtbwxjV22nVVVcd2M0aj4np7qinWGxGPR7vHOR3JIC8tDsyfBX8HH744T1xa6puPO+884L7WIMDvblU2rFzWrmUJfxRZ4rnsUfiEdhkG8hSxuXVaBjF037HQmzc3hrxKTgb5B7GY/nGuvcmgLy0YghTbYO/pcKPNQ1eHEEnR80i2DmS/ABDsqTsXbEFf1Pp/NGpUDBOLQviBwIgc59n+H9/gMRzzFMGgB5VvRgydKW0K4hSQ1MsjOrFO5r4jASQ3K6pbdA+SI1GPGdkLJuK6BCyv4EkPwAQIEgNfyJBivDH690T/1281z0A1isj2klQjinQrmcQWyKNZR/Gcm8CSGH1NFzWRFqaxahwUSCWbkNd0wg8jf+tQAJIgRro+hL0lltuuVBJN1ZVa9CJjbRSWXnNNdeExM1RTUos26cEkBYrwwZghyisGvaCKgVRCqHYH6mJxeTEkABSwjqkoGgNpF5kWGMjHAHqPdTDj3pKSZIgNXWdhx9+OATM6OQ47CAfi1bz08LlvGMkJJtLgHTOOefs5jFDf0+SICVb7LxAwUOeJEcmMGB75THKv1Ls4aSTTgrd6aOny3t0UPdO8ZFeD+/hiLjqqqvCNwkKzjHHHL1+zVA8LwGkA0A0n6OGaJymu0e/PFvUHadgGWIi/VLreKx0c9E4j/qo6VsCSDmWE0DaAERk3SEw8ewRXi3nYzR5OB+F1yqe4eHwIZHzJEFa72oCSBuAiA3ohmLw9mhEp4NgU1v7OyJCx0nZy9E7pzuJmE8CSAJILcbPBmHEOnbMoLcDiZNdRZvLTliq9ZJxvFiumcODnPgLHNGe0kCPEyIBJAGkFjkWARJvZtg6pIfqpRvioDczkKoiwZEq5XAbDof8SABpTxZJxSpZHwYzCXLGGWe84gqR5+OOOy5zFruCokFvGaR1D0N86aWXzrbaaqvJMgM23HDDIEE4BtKYfAUSQEqoQjQdQBi0rYZTdcUQcOVBPHTTnB988MEg7YBDY4pWg+MBQFIUPalYtRhkJ4BIZyddLr744qDX61U7SEMvYvbSaqutlpESZW2NEkCSitUV3XYCiIeKRvNyOVhmkNLEY9q+g4J4qdplASSAJID0DSDRu8VNet1114VTYKeffvqu3term55++ulwMNAyyywTUtg7Rf8TQBJAuqK9KhIk/2ClujxfbBLq1nh7t3irqFVsDi5bpbNVRgJIAkgVOpnsmroAYZM4XuH2228Puv9413SLc7CFFl544XBOedVWqgkgCSDjApBok/z4xz8OvX4drTBewUQHljqiQC/d9ddfv1bmcQJIAsi4AcSLNFaQPn7UUUeFLN1+e7eoVZtvvnm27bbbhvT8ugdpJoAkgHQFkLJIetWHafkjW5Z3S/vOXtsk8XxDTSZkG6+zzjpVp/aK61IkPQGkK8IZK0BE3AUTzz///JAcuNBCC3U1j7Kb7rjjjpA8udZaa2Wbbrpp17XzCSAJIF0R5lgBEl8qkCigqLWpepJObtdOk5U0qZ5Da1ABQIHAsYwEkASQrugHQNRMMLrHMhQo3XjjjaFASXPssRI0wGkurYBrqaWWGnMBF6New7yUzdt6l1MuVgn1AwgVRvBvrAPXdwaJ2ARJIrO2bjshQDvxxBOD5BBzcXbHWKWR7xJUpAImgCSA1KJzTRvUpOP8vRpPPfVUOIvEibEybNWbd/I68Yo999xzmdJfJ/M6s2OGGWbo1ZSCJFJym5o2JIDUIiocX1QaQfZy6Ld75JFHZjfddFO2yiqrhOpEza2BJQb3BB2B4sknn8xUAV522WXZkksumW2//fahAXYvB8CK/pNIaUy+AknFKqGKe++9N9R9iE73Y9x///2B8EkF6lbs1etdsR8vTxhpA0hzzz13P6YRov7qROadd96+PL/pD00AKdnBu+++Oxxiuf/++/d1j6ldjz/+eOjgrnO74YgExyXMMsssPVWnWn0I+4ObeP755+/rdzb14QkgJTt32223ZRdeeGFI4RjmISVmjTXWyBZZZJFh/syuvy0BpGTp2Ai/+MUvgt4/zIM9tMQSSwQbJ41kg1SmAc0ZnF0oV2mYh5JiZxEWmzkM8zfX+bYkQUpWS6KhhgwrrrhinfVs3LVXX311prGDhMc0kgSpTAO6DYoyL7jggpXvaeKFd955Z8gW0EUyjQSQyjTAs3PQQQf1PV298oT6dKF0+V122SUkVqaRAFKJBhCNqryLLrqodkpIpRcM0EViLauvvnqohux37coAfXblqSQbpLBUgnSOIhPVVmcxCkPdiui9o+d6XbfS9PVLACnsoICd/CQVgVqLjsLQmlRForwzAco0/rcCCSAFauDVYbjusMMOI0UnRxxxRHBIDLvXru6mJoAUVkwHdNmtc801V921bPT1DzzwQMhePvbYYxv9Hb2efALISyuqZoOhqt3PsKeXlBGRtBM9ejkoelFr0mtinYjnJYC8tOpqvAFEcuKonhXujPg99tgjAKTXNfQTQdy9eGcCyH9Xkc2hl5UO6NLLR3lIv5fFrMfWsAdJq+zzyAOE7q1Fj1iAmohRd3Nyc6uFEQPSSmjUbLEiaEYaIFLaL7jggmzSpEmh9iKN/62AGpXjjz8+W3PNNUc6FX7kAIJDaoAgld0BMylJrz1bkLTpgCAp8Y7AHjUJO3IAYYjecsst4RxyVXSjtuF1pSSGorrSOe6LLbbYyDkwRg4guoQYnbqJ1CWkYb9+VNdt5AAy7IScvq+3K5AA0tv1TE8bshVIABmyDU2f09sVSADp7Xqmpw3ZCiSADNmGps/p7QokgPR2PdPThmwFEkCGbEPT5/R2BRJAerue6WlDtgIJIEO2oelzersCCSC9Xc/0tCFbgQSQIdvQ9Dm9XYEEkN6uZ3rakK1AAsiQbehYPyeev37ppZeGE65mm222cICPdkCjmPmcADJWihqy+5Xc6myiV1YcypD1Cpt22mmH7Gs7f04CSOc1GqkrnMmogUVxKElWXThqIwFk1Ha8zfcqJtMTLNZ+5C91RuJ2221X+Vz2hx56KJtuuunCn0EaDmfVg1jBXJWRAFJllRp0zSmnnJKtt9562dRTT/2KWTv33UE5zj8sG/rz6vTeajhHXe/eZ599NvvlL3+Zvfjii8E+UWXYamiGAXDm0em9VZb3iSeeCNWMY1Xz7rrrrmyqqabKnDasorTTefUJIFV2pyHXsBvOPPPMbLXVVgvEqxkeoxsROFXX/00xxRThaxjc8Xd+Vqev5vzQQw8NtfrFEQFy7rnnhvakjq3Wv1hNv5+jAf/000+H9wHS888/H94366yzhmbg3ucdRnxf0fA3Zx3nPcPffq+J3WOPPRbAFjl/2fzjCcHxfn97pp7LfufQVP/n3wsvvPDLAInXm1sETXj/f2/6v4bsf5pmmxWwjfoKkxCIj2GNiyNMKgWAaL6Ag2rKjXiVHSP8SIDUKEdT33DDDZO9iRTYcccdQ6cTBjsufMYZZwSO7mfge+aZZ7JHH300PM+zvANBImqAAY555pknECyC9+7ikQv+nxo0++yzh/ZDus0g2BdeeCEAEXjL5u/7HJtnHu5nS62wwgqhQYc5mY95kn4RKDPMMENwSCy11FIZtdA1fnaNNUsAGRLYUY+uu+66bPrpp89uvvnmYFBff/312eKLLx6IFoH6+eyzzw5N4c4666xs5ZVXzm699dZgc8w333zhyGnHsfldnm/i1iQBG0SDPW2SEP3pp58eiNx5KohKAz7PMAfcF7F5HiLXYgnHfuSRR8Jc3vOe9wRgLbDAAq/YAXP2PCC47777sg022CCA1vy88/LLLy+dvwc9/PDDoQOLQ1gR/pZbbhmAbH4AGiXXFVdckU0zzTShOd6NN94YeqIBrjk7r9FzMJcEkCEBCB0dSKgzWvU41hmhIQCu2wgQKpKj5RzeSRVDkM8991z4WawDp3b8tb/1xmJHLL300sHYXnbZZYOUIp3mnHPOABbqlv9bfvnlg3SaccYZAyE78x2wIkD8jr1COpgXcHqfXsD5wYtGqiBOHH2jjTYK8wEoKtaVV15ZOn+gvuaaawKBAz5ptMkmm4TGgMsss0wAgO4swOc5ngdM7vE9vlXLVd8eVcUEkCEBCJWBEYs4qVYIFMdEgPRt/0bYuDzQ3H777UEN0qybqoXbAhXCBDSgOe644wL3X3fddYMq5TrGrWeQELguIsetjUjw1CAERzJ5N9WI6uNZ1B/zBJJFF110Mm9SVO8A0rXmdM8994TvcB+1p2z+JBTOb+7ucy3GYPgdlS3aQ9aIVKSKRfUz/h5ASEHXJIAMCUDSZ/RnBRJA+rOu6alDsgIJIEOykekz+rMCCSD9Wdf01CFZgQSQIdnI9Bn9WYEEkP6sa3rqkKxAAsiQbGT6jP6sQAJIf9Y1PXVIViABZEg2Mn1Gf1YgAaQ/65qeOiQr8P8AZpyW1EEBPq8AAAAASUVORK5CYII=','What is the first name of your favorite hero?','juan','annie','21232f297a57a5a743894a0e4a801fc3','Batumbakal, Annie Frisco','1','Narra','Y','STUDENT','N'),(32,'Bonifacio','Andres','Matapang','iamkatipunero@gmail.com','09096325986','iVBORw0KGgoAAAANSUhEUgAAAMgAAAD6CAYAAADk6gg4AAAAAXNSR0IArs4c6QAAIABJREFUeF7t3QncbVP9P/DdRKEkU6JQiMwkMidkJpIpySUlU2UIiSYUMhcKyRQhQ+a5zJV5SMYUKUOiqDT8/r3X39K279nn7H2ec57n7HPWer3u6z73PntYe63v5zt/v+tV//ffkaWRViCtQMsVeFUCSKKMtALlK5AAkqgjrUCbFUgASeSRViABJNFAWoHuViBJkO7WLd01IiuQADIiG50+s7sVSADpbt3SXSOyAgkgI7LR6TO7W4EEkO7WLd01IiuQADIiG50+s7sVSADpbt16dpdMnz//+c/Z448/Hp45yyyzZG9+85uzV73qVS+/48UXX8xe97rXveL/ejaB9KC2K5AAMsEE8sADD2RnnnlmIP4pppgim3rqqbMVVlghe/e735098cQT2U9/+tPsL3/5S/aPf/wje8c73pGttNJK2Rve8IYJnvXovD4BpI97/e9//zu77777sl/96lfZ73//+2yqqabKFltssWyhhRbKXv3qV4c377rrrtn73ve+bIEFFshe+9rXZn/4wx+yhx9+OFtqqaWyW265JXvjG98YrgUS//+nP/0p22233bLpp5++jzNPj44rkADSB1q49957s2OPPTa7/fbbsznmmCMA4u1vf3sg9Lvuuiv8vPnmm2c///nPs4suuiibNGlS9prXvCbMhMr1t7/9LfvNb36Tve1tb8umnXbaIF3i/992223ZlVdemR1xxBEv39OHT0iPfGkFEkB6SApshVNOOSX7yU9+EogeMEiF4rjiiiuyt771rdnPfvaz7OMf/3hQq+qM6667LkilPffcs+Xz6zwrXdt+BRJAekQhbITTTz89e/TRR7NNNtkkm3LKKds++frrr88eeuih7GMf+1hXM7jhhhuyd73rXdncc8+dPfLII0HqAKP/m2aaabp6Zrpp8hVIAOkRVdx4440Zg5sRXWU89dRT2R//+Mds/vnnr3L5ZNcA5D333BMMdrYJT9jzzz8fpBH1baaZZurquemmV65AAkgPKIIxfvTRR2errbZaZQ8TdYxd0UnStJvec889l3nOW97ylmDf/PWvf81++ctfZo899lgw/tMY+wokgFRcQ16k8847L7vpppuyGWecMRA2Lr3uuusGyfGf//wnGN9VR6x0zsc7qt7b7jpgveqqq7J55503eMfSGNsKJIC0WT9E/8wzz2QnnHBCduGFF2YbbbRRtvLKK2evf/3rw1249y9+8YvgTeKWHaTBxuEFe+GFFwJ4Z5tttmzOOeesLOEG6Vsmci4JICWrT8cnLU477bRgJ6yzzjqNcqtStzgMfve73wVbh5QTO/n85z8fJGAa1VYgAaTFOv39738PUgOBrb766oHzlg3c2YiBv2rLPv5X/etf/wpR+SeffDLbZpttkqer4hYkgBQWCjgOPPDAoIqsueaaIZLN6OVKZXfgvrPOOmvIjTJwauAQJa8z/vnPf4bL43Pq3NvttewewUmq15JLLtntY0bqvgSQwnafeuqpId2DSsUjxH278MILhxQRLlSxhnzioKj5XHPNVTtgxwNlvOlNb+oLwXEqAG2M0MeXkCQPPvhgBqDULvPABJZZZplswQUXbJQa2ZeFKzw0AeSlBaEqsTmOOuqobKeddspOOumkbL755svWXnvttvvAGF566aVr7xXj35huuulq31vlBpLN6BQ09N2AwkP361//OvvkJz8ZHBGYQa89bFXmPWjXJID8d0e4RnmjpIksu+yy4ecNNtggm3322dvuFy4MVO6pOxjPRh3XcJ13PPvss+FyuVxVh3t++MMfhoDjRz/60WzRRRcNGcajPEYeIFSMyy67LHh7EDzOKRpeRfXBeen10j3qDu/jJpYa0o/RrYTyPfK8JESSoJttttnAOyD6sX7xmSMJEHlL7AwZswgVUUjXEFxjvFaNbks6JD2qXp/fSO99+umns0UWWaQv++vZRrdp8e4/+eSTgxTZeOON+zLHJjx0JAFC7xZtlix47bXXhuKkVVddNUTGW2Xflm3kj3/842z99dfvap/FJoCUA6AfQ7GVMZacLIb+kUceme2+++7BczeKY+QAwosjyU9k3N+bbrppSEvvZsjeFV3vZiDgu+++O/vABz7Qze0d7+kFQLzEGnFzS8sfRaN95ACiSo/hKcFvrINRT0fvZgjYKX5aZZVVurm94z0klDHzzDN3vLbdBeyyb3/729nnPve5UC8/amOkAEK12m+//UI6eC8CdD/4wQ+yLbbYoiuaYUQrmJLs2I+B6xu9UI2UCwswcgH3Yt368b39euZIAUSA7IILLsg+8pGPBLVBVV8xkFZnoceiYolT8J59+MMfrvPKytd260bm4v3tb38baujVvwOyyDvVtFPaTeXJNejCkQKI+m8tdcQ3eGmoWyLIddNE4v6OBSBSWnQz6baisBONSY0x2sVygFR+llgJD94MM8wQMn+5n6lW4kM8fuwQZcTmfMghh/TNNd3pmybi9yMFkEsvvTR0D4kDIfBE8fSIhsupqtN/im6+3XbbdbVvXMsA1i8XKhe2oWlEfgCAFPhzzz03ED8ng1STTsN8b7311uzwww/Pttpqq2y99dYLttywG+4jARCckNGqOVsrQ5PqpRGCtA9BPyBR80HatGuooIrw05/+dCfaKv29qLX69X6MO+64I0gE6lEc1Kc777wz5Jd96EMfCoHAusMzvvOd74TnAkovnB115zCe1w89QKhSGhyIb5AU7I5WA4cEIvlIakEMaob/F+0WKymmtI9Fgnj+xRdfHMp0+zHOP//8bPnll385I4AtweaRpfzBD36wa7XSXEkhc1dXv8MOO9TuytKP7+3XM4caIAxNdR2LL754IPA6eUU4JcAgLAE90gdh5WtDBNG23377rvfmmmuuyZZbbrm29zOOjToBTNfry7XlllsGJwRV8vvf/37ISPZnLI6JOFnMQ5CVIf+Zz3ymJ8/seiH7eOPQAkSgbO+99w5EwtXZbUETCcI4RQgyXqVuiJ4j2BNPPDFk+3abkUtaAW670W1afAQvQvYzSTXPPPP0lJCBl6QaZu/WUAKEiiQ9AvHyzvRyxH5WG264YYgNyMPqtjkCzt5JqnWTlSuJUsvTNdZYIxjWVCJStB+DO5k3jHQdxjF0AOGZOfTQQ0PlHwLpx2DoaiH6/ve/P6S7d5tuUmVu3SQdMv5XXHHF4Gi4/PLLg8epXwE+DhDvIKmHcQwdQM4+++yQmdsv92kkAm5UsQb9d3fcccfKtKHO3dBlpMoQtGNY5xstIEru1VZqo99F5wEbRzJktypglfm5Rv1MvzICqs6hX9cNFUBEx/faa6/QNI2Ltp+D2sKVesYZZwRbp0rKu/JcsRh2Db2dTdBpeIdjD/Lf4zu5WVvFIDgVcHRuXHZTMQ7S6X3d/J6Uoy5SZ+v2Ge7mfeN5z9AABMFqaYMwZOeORwCLkcpLttZaa5W6j+NmxvgBVQTnl8fF+9MJWFdffXWwcfLRfmpdWdMFtgebIAZEO9k4vSA2a8/ly/X72c9+9uW+Yb149kQ/Y2gAcv/99wev0rbbbjuua0oqGK2cAfmWQFLbOQ+4WQ0NIVQtdpIiP/rRj172msUPk6pfZl95ruDdO9/5zlesw3i0JwJOKu63vvWt2m7pcd20Gi8bGoDg5PT697znPS0/n1qDs1JBqAO4uHgA4xWXpad3Ex9gU1B5WnF0BUd+BzzSShRlRXtAXEVpa6dm19/73vdCFm0cbAwJl7qutBrHHXdccBoUmzWwZQCyW9XT+gG4NBU/k2icAEVJHR0E/fKa1aDtnlw6FAChvnzhC18INQvF48lsJoMaB/czEMTjzgDD9dQcCXvSUOp6e4BN0qHCq1ZDzQhuDyCf+tSnwruB1DuVtGriVjaAAcHnr6HvSx5sFWBkc5x11lmvAJRncxUzpB3tVvZ93gXM5mcdioFJa+c5VClxIT8DjGvz8RVuXxLuK1/5Sk8IdKIfMhQAkWmKcHDo/LCR9GJEwajFPRUQAUWe87ElcHscthspIuFRHKBVBxEeJdF3hna0C8RP1HoLsrEvymo2ENvNN98c3LRxiHEAZStJCaiem28E4duARtpJqzw0wJDVTMIgdOtEyrULrAo+CsQKYlKrSENp+9bW7/bZZ5/sm9/85piLtSYaHN4/FADZY489AnfOG6Q4naYKsnRFv4ugaLf4iKYOUEgE+V6t7ALgIb3MEVfG5REXtUtVoXSNspoQ4GZL5O0URVb+r+gmxs2pmdSxPHEjYGqg0t6iOoSBSEkBYM0nqE11JSiVi7ub/ae6EhOQ8+Vbu622HARgxDk0HiCIkyGbb/BGmiCMJZZYoitjUTMHKhCOWzVFBffG6YuqCXXI/L785S+HNZc57NmRwOVIfeITn5iMeKk0Uss1sYuDoS0IKv+r6J2iRuLo+fp6oGEwuz7fxigmZnq+6spusnqLROwAny9+8Ysh/mTdDzvssDDX8fAm9hNQjQcIYpaUiAviZr3ywwMYYtfYrQpXRfjeXcwWprpQqVQxGuowqILRVjrnnHOC5CkSPFVFl8d8EJKnji3Ryt4hLXWhj+8nHdg4nAdaisYBHDg+O0FOWVl2czdExxYESNLKXNmFVdaum3eN1z2NBwidnMFIkiC6dp3Y6yxqPMKZbYLDdioqMgeqTPFINXYEtUpE29/sDh1C4qB+ScMvHklADdPUIdpV5nPMMceE+pFiZNy1csR4tqLEEyzEvYs5UjKTqWlSUcbSEqhsLUlvwCaxAKTfUfw6e9rNtY0HiKCZYic6vT/xcJtuFqPVPdJW5F3Jum0Xs6D+iEFwb+btF9za7wCX9CAZpGVEzgpUCLloqOPAjPEIOIYwg11QMj88WymxvLBYvKTnFwmCk+fXA8hkJLM3+nlGiG92TPW+++7bM4bVq/2s+5zGA+Tggw8ORivvTSdxznDHadkF4gSIVSoG92dZZVyMn+C6VC6R+rIRDda8Th9LX3mxeLQQMqdBlHRl3UfMk53iPiOeGFVMHSE9SKYYqCQh5If5piKzADAqVVmaSl3iaXe9+ZqbbIEmj8YCBOfkIUIMyl7LjEEgQDS6tSN2qgUuH4nH73igGM5iC+1UKQR2ySWXBDUHkbWqyaaS5Z8Ru4tQ/0g676Y6RUmAuKlnRdXw+OOPD14g8/IN/l30UFkD3w8cnu860gSIW6WwUH+6bUVal8hJv5133jkY6v1q0F13Tt1c31iASOLjWuTlaeWSRTzcqNQjXNphOO2IA3HxxHRSPQBAOgVwiEXQsdV+FwOUcTOihCBdqD3uoX4I/nGrilMAXj4S7x08X2q+46GcVK1iHMN1nkv6WQP/JhnruKi7IZqq9ygIE/XXi2w8csKqzqvOdY0EiJQRkVopFfmmBPkPp8PjmIJX1JJeuxvZBLg17s/3D2BAwpagxkS3akxvB1aBSpKCihdLeM2ZBKN6xcHDBEjmDbSeke/Gkv9O38j2caZHP4ABgPE0rHiAUB0Cw8RkLverB3GduXRzbeMAQk3iY8d9uUdbxSkACDfFWTtly3azaPEe76G6ceGKOeTr2P1srlGtY8Nwt/pDugmmaTtq/qr+2FAGiUJCeSZQ+w7ct/gdvHbcx1zcAIkI88M7AJGXj/TsZJ/Fe0k5gOO29gzvjmtsbkAoYyDvFGi3hgx2Kf6i600cjQMIgth///2DflsmtqklNrWXUgMRk0oIn07t2DVGNDWC+kOSeS8Co3/72WCo+rej3ahRCNZ98ZgFBIeQY+oIm4hUirXqiDTPBBBc7OWlzlwLHmn+Mf7jfVy8gIWgETLwdVoLQUbqkHfLOPZ9Rn4dY0YwxqB1EDsOk2onuayDmnjZAoN2VHYVwDYOICLWNmS8D6EEENyfGsVmEEhU3ouQSIKyA3eoR9QrHQzVShiyeKWRcArg/ohZPAQxAwtVjKpG+sQOh95J9aKicUqwew444IAgOcxD3QgAi22IjgOtoCI3uP/3DoMk8jtSQB6Yf5MYVDmerzqBVvd4vnkXvx8wqJG+g3Rlh/Di9VOiVyH4utc0CiA4F27pT5UToOouRrvr4znjxUBgp3eQCGpGcOh8ijrCBxqqIknIpkJEuLj4he9DgPH4ASkkgoaxcIrt4X7SifuZlGCzVLFDYhoLrm5eJEG37Vd9h31pFRDk6uWCxwSU/5rfeDO2TvvT6feNAojEuhho6/RhY/09HZ865X0MVRzYaVDFQqRO7yE9RM9JmVZ16FJl6PuSFrmgDWoOgkX4Oj2OpW1Rq/l5p4Chcwjzw7eSRr1iPtaN1ON2BkpZ1+IidaRUp/Xt9+8bAxDxAlxWJ79uuV2VxaQ6ISDESf/G3WOtCHWq7rtJgeiyLXNHa1BHEnBDIyoBTVy3H209EaoESWoc1ce7owRgv0hNifZHlfXqdA1bxXrKH+Ny9z4NuzvZRJ2eO16/bwxAqBMxbdvidNtxsNPCinxr6yMYGDuHAIs/VdSX4vNxZcVS7bq4I1rD+/pdGss24P0iKahFbCpAJC31Gsbhq3q8Oq2l34sDScgklWT6RpulKcHDgQcI4sFVVQvyXAmEUXcU+TByWxFtNG6BKHqAEJ9rY0Vh2ea6V5mrY6DzWbBViKHsGi5eBUuDPHjjEDOVrp0HMLqurWcVKUAynnbaacH+YIvJILYemlewfbphOuO5jgMPEFJDrIHHRbIgfV3SH1WrVWIidYErlFeIgUxtwf0BC9eyUVJBIoiikem+uOm4Kq/VpEmTKteDtNs03Los0j6em93uXVRYnjX2AZXS3zxlRa8To9611tR6WcdYkFb2fHErjhX7Ii1f8BYIOSM6nUU/0eszsAChu9NZ1VMgamKfq9OwcSoFi4P9QD1iN4g8W/x8DIEaIU4RVQq6fgwqkjbeQe2gDth0RnXdptETvaFjeT9mQTIjZKoYpmItMJbIjKyfdeRFs0f+7Q8gvfe9721pgHM3s2/kksXkz/j8QV/fgQQIFYrnh8iP3TQYlVydjGSLW9RhAclGuIanqZPo5qO36eIGNpdUqaIyjIUAm3RvlBTsB+n5ZfELjEVCJmmNgUl5KbZAAiDBXapr08ZAAgQAcPbYPQNXx91xMx4Ytke+rQ23qMYE9NuqbW14VkiJXpSbNm3Tq85XLYzOkbKKOzEPQOEaZ2/YHy7x/Pja176WKU0YdFWzuDYDCZCyDeSWVNvN/ojD/7FJGNWdpEb+ubxVpJMzCtOYfAWsDa5vXTtVU+bvth+AIP+LmhtVXCkxMgmox00ajQKINBOiPt+UjGjHlVq13OlklIpSF4NlTdq8fs41SuVuTsCiAahf0RQvtiDi6rbWvTiWup/f3VgJQoSrcdbEIO+nZ1h247f3PLEVeUtpTL4CHBjiJWy6qp1d8k9hwIuiKwyjGkuhkU0wHs20e7mfjZEgvCCMvF6dQxEDZlSINCZfAYyHq1tavmTEbg4iYufxKmrJpE5eMmQsIW7KmjcGICoIqUQx4CZ4WDftw6bQrSUeSgmX/pCM9HJSBRLlBTyKvIRSULhyxTGqDGvNs8XjyAUPIL1sM1RlDmO9pjEAkc7NABTd5oeXwl30lLRbDICSUaou3EbrxNj0ljRj3fy69/NqYVKxuKvK/flDUHkZu2FqVd7Tr2saAxBeEMY5I4+rl+uxTosf6gL9t266er8WvmnPJQ00hZMiX9dVK/jI5sv3GG7K9zcGIPKwNDqQ22Oj1E7UGQKDOGDscFjn3nRtFqS2ZhP5pndV10XQkSTJ191XvXeir2sMQGSCHnjggUHESx8XeKoz6NPOriDmOx1aU+e5o3KtaLnUn26bL7BF8v2Tm7JujQAI7qXMVEt97TcNNkTdITrPtatZdDeu4brvG6brSWCu3277agnmjvfpX71Y/0YARA23g2jYHQ6UkT/Vrr6ibGHUWsgGZssUT2DqxWIO8zOoSKoQZeB2k2DIbtT9vWmjEQDhfdJBkKGo+wc1q278QtxDR0Op5yl63h2ZAogIO5DUCR5iTPpj7bnnnt29eALvagRANGhT2w0YIulOiN1iiy1qLZv6EGnc7kvqVa2le/lihE6CKzWo4yKnmrFBehXk7W723d3VGIAo0mGL8ELxYm233XaVvxjXU82G81XN9q388BG7UJKncoQ6tojYE/d62QGrg7yEjQEILwoPiiDVLrvsku2+++6V15VrWLdCRmKd2EnlF4zQhaS5/sVlLV9bLcWVV14ZavzrZFsPypI2BiA4l1QFXIiatdtuu9XSg7ko5QZtvfXWXRmZg7JhEzkPhvrXv/71UD7bqT4kzpPdKE1IomI3xv1Efq93NwIgRDQjXX8l6dOkgfT2Ogl0NirWQ8eeuBO9+E17v4xcteoaO1QFiG/khRQsFEmvc98grE8jACJRTiavwyglysXjAYoNmzstKCNfVrCu8E0U952+r9+/V3sTT96t2ztL4w2xq6bZgI0ACBtCLchXv/rVl6vbZOPWMfoEuriLgaPVeeH9Jq5heb4uM8qbSYM63kBp76R/XWBN9Lo1AiAWSRSd7SFRTkzDJjlrr+rQgl9v2zrGZdVnj9J1PIkSR8Wh6jg8dEFxb9M6vDcGIER7PB9Q6S0pUKdPLvUqxkGaaCwOAggxJifYymUrO9CnbJ5sQI6Sdmc8DsI3FufQGIBoARRb6UtUrHs4pA2SrOjsC7XSadRfAdnQJLEy2rrGNgnCVe88kSaNxgAkLiopoL9rHfXKvdzEgoU6NNblfk3a0H7OlXNETpx4VN2OiCS4jiZ1itz6+S1Vn904gOghK3WheCpsuw8WSZfqsMQSS7x8clPVBUrXvXIFSBGBv+IZ7J3WydEHiq0kmjZpNA4gEg754uucMaEB3cknnxyi7009bXVQiIpHUbCwTsBVmhAGpYNMnSTHQfjmxgGEmsQbUtdVq6M4NyMpkkb3KyBoq6VPnbp0Lt6mGedxhRoHEFm9DrGsayhSyxzeIoqeRvcrYA3FlOqoStSrbgrcup9l7+5sHEB4oxwGydhudaRZq6URAVYHwoNVt+FA75Z6OJ7E1evQT6PqITgnnHBCON+liWvfOIDYGNFcXEnX8U6DOsaw10+rV2fvdXrnsP9eCyXrH0/J7fS9cuD0H9NTq2mjkQAhRXQdr+Lq1T9Ls7J47njTNmhQ5yvoByhVpLhERX3N9BVo2mgkQCyyuoROHTZUwOmAIkUlRc97S5oMdRkNVQN/WphqGVQ3wNjbWdd/WiMBgnPJB9I6tN0gPcRA8ueT11+idEfZCtgDp+J2Oh6BBBE/cbhOnQTHQVj5RgJEJq+obqdD6XXScCZFnZjJIGxKU+agQwzJ0I4BiZto9gAcdbKvB2UNGgkQnMu5Fe2ySfXxZaeoPKw6gI63S+WcRnOMeu+IJ1xVfU4TrvN9vpM01i8sns/I09RJIsTvo8I6u97Zg2UBQJJDDY4oehNH4wBiUxzGwkBvV/QkXqKTSZkaxpd/7bXXhhb/8oRsJILxfK5MjgDPt/H+1qRA9jAuyPbhkeHmHHSd2ndIEuSaVZXpW5UeSx70nfF74zHZvhdDkMrjWwUErXVZYPbYY48Np3SVHWAkgu5ItqYVSkUwNw4gJi6z98gjjwzpDmW+9VZHrAGFtjVKR4EnngceD/L07+iVwWEFxcRQcFn/9gdRxeGsC3XyosQrrrhiIBKcmENgvCsWzUuDaHNkd/EaXXLJJaGTpIrMOMzLHP3RaZ2HT5VmtA240IGGBMb5Acy/dSVxrNpWW231CrBQd6mwZcmLDuER1G2qk6SRALHZUh5wwTLfuvMocH3HJcRBqgCX4XeOg+5knyA6YMMJvdOGOzMDcBBjHHK8SBYFQf6onJO9qgOILo69ljTxOGXfJEvAmSc33nhj+ENS0P3jQPyAoFhM7ALH111St/tOhCuOJJfKWhtKDnxTHBoy+F2ZG13mtXWpU7szSKpYYwHCVuDCLUsdaQWQXiw8NYy6Aig33HBDOHoapy0O4NBUAudFlCQMtWWsQAEM6iAJYQ4kofw0ICkOklHuma7q5oCZ1Gn4VmW95FkBSFlDcFLb+tTtH1Dl3eNxTWMBQo+W2VtWwsnFS0r0q/Yjng/uPWrdnceHc+dVsLiB5oGLHn744WM+nwQgxHW8K3L1PKFQobxLfILurwMJW6mTpOiW2AQMzcN7Wg1SFkOp2yq22/n0+r7GAkT6Am5YdqQX45tY7/cRazg6acYDhngFz3Qyp4blB/vG/9PHxzIchybFhl2QH9Qn/6/zJKnFE8U+G6vE6jRXLX0wq7LsXgzEPEiwJo7GAoRqQxcuq++g+wJHnd5Z7TYQEEgNEiJKCUQfDfKim9OpSspT2S2qIHH0PfbYo/Zx1cU5McCdX05iMYzZE5pRSMTMjzhfc45gIl38MedeAYd6ByStYlIYh3ZNzrav0+BhkIDUWIBwXQJJmYpF/eKm7NWxw4qu6NsIgg1AYnBdcn/yfJFkfmZ79Ir4uiEUtgi9nxOB98rPQMVjxZDmPOC46FVmLQcG13GxlBYTOe2004KHz1HSTR2NBQjdVocNhmcrEPQaIK04OeLwh4rBFUyaUfvo/uOdHCmqzaXLicCDRUoAg7Xxp9fGeVyPMoDwrpGiTezont/rxgLER9Dz1RpIgiuqOP0GSBEwOLcYgtiJeXEfixt0ciOPlbNyw0rl8DdjXEyDROMYGA9JVgYQTMMc+m0DjnX9Ot3fWIAooZXRS9Xaaaedgn8+P6hfNme8zyOk70vdIFGoNv2WJOIf1CWxFob5eNd8c6ezQYqlzFzgnBbsEC7eeL59J4IctN83DiCMTl0WGcDOGkQgmlmrWGOsxtQQMQIGehUjnb4cI+WImk7N+0IaxIAb9Ql3pq6IZwBkNHgF4sY7ct6JkOI3RceCACnbCcdv9V3ctGy2mA1Q9ZvYZLGdUkxdsTeHHHJIyL+i5pHy9kb72H65mzutR7e/bxxASA4Lruw2GppAss8++wT3priHKDGdnMHcLoPQS0PCAAAa1UlEQVQUp0cwosGyUnmcAMOI6glvUKsRu8t7FxcmIAKQP70ygOtuKm6N+P1BtJiEDAA/A36rUfxOQOEZE4BlXGMI7c5zxEyolxpiiHeQGv5IYox9eM3LgUcYWtMkSaMAQn1RlSaFnccIV7QxCFI6hGOi2QF77bVX8N4ASKtAoecI7olZyCWiJpAAVDLPo8NTVxz1htikc0855ZTZOeecE1SG/HCf33Fj8g7x5gDMhhtuOG61D6SfzGWAYHvxtvG6yaciCUTxSVacnUTJD5LQsXSYBXUVY6EykQbUU2nqYiscD63UN4FCALEf2gFZu1133TWk8Vgrz/MO+3HooYdmRx999LirgXUZTWONdBt/wAEHhIRDRCGCy1OCALhc/dth9zYVIbQCCGPWEW7akJIWCBsB0JNxPLEVm+t+HM+/pczjtGIZ7iGpvIOnxp9IYIKTbB//pxO9+8djkKh77713mCtbQNAO1wdwkk2bVt+tIzsGwjXuOuAHIvcDEiYjLYREZt9hIIBGqjghauedd57M6RAB4n7MxhEVjHMVh9JhxGf82+8lOlrLfH7ceKzPWN7RKAkiQEb/t8FEP/WHihTPPrcQ1AleJNyumKzo94gXcVOr5CiROqRM0cBlZNOjN95440zWLuLRTRB31cIGlwQiREDX5kbFMf3xDoQYbaKxbFCne0lDkgHnBhDS1B/uXraZOfBuiYlgJKTEfvvtF076NX8gYL+Jk8ThmeI8iN93MripWwCQT1R0fczFInFE86PXCuhkOtsnzMV7qbDsIAHTpozGAAQYpGkcf/zxQZ/Oe6eoF1QdHBKndA3bAKH4uzgOPvjg0GURcZRVw3mfc73pzlQonVEAAWdmryimIsV0bHRNv925dQnKOrDTnCdv/mwRkhLBSoNHtIjaNfvuu2+pS5gL2X3f+MY3wtFrxUGlo56RniSp9aGKejY1Mw6MCxOZNGlSJl1mPFzQddespY32X0JobYX24uk9fIZNsNk4E7WAMZwfNlBxFG7PQGRk8kDhmsXh/vXXXz8QuPyoMqOadMGBcU3X4sieSVXwb0SomTP1ZhAHNW+zzTYL3+ebFZqRlFqAmjt1ivQhJVoN0lB+F/VIsz5AKw4SlIfPc6SUkFSnnnrqZIesUufcT+3EVNoZ/oO0lo2RINSWL33pS5mjD4yiqGdoO0NEpisOyYDHscpKPUkEgKOf27RWHI2BiahaBSLNASfkJavSfmgiNl3FJC9TqwRJatSJJ54YTtzimCgOfBMzUt6MoMviOQ4y0pRBqg07Tsaycuhi/Mn+GXEPi/s3EetT5Z2NAYjcIlLCAhvFc7pxdq5exqQsXlIE8ZalOiAQCY3HHHNMSP5rVVKKSKSzUNOKXQRxX0Ckvw9qQ2xrwnMkH6pIkGwCapejsVsxB14ntgJ7SyJiWQCSOguEpIfoOeeHtS+uSUzNx+Cot2VZ2FWIdjyvGRqAWDQeJl4uRH/YYYcFI76V3hwXGEhIHgZpWVNrKsNBBx0UCCnWXfPs0N0Rz3hH6usSh++zHuykmFHLhgN8581TSVsN3jjqmO9rF51nzwGYbAbrwUvVqjYkAaTuztW8ngTB6XEfo6yJgN/vsMMOQRdmLIq61xlAA1h50wy3JZ0YuDijYiXcNZ+likgiJx7vdI884P1cnD+PnbVTSEWq8Pzh8nmpGOdfd+7Wm50CaFzspHyrQSIZfm/tkgSpQ5UVrhWMYkwKRiGAVi0vuWKV4XLbAhAuz9CukwbCPUui+JshHlNN/EyV4J0RL2H4xkYHQCPmwuaJte4VPqnnl8TacS5e65WfO4NbfMNaUD3zc/dzDI5WaSUaJ24tSAx2HNe6CDr3sThScVhPIBTEtSfWqwmjMSoWrwuPDHWh6OaNCw0c1B9GI9vDZpAmdRoGAIcgV+yR5W9DzIAnLQ4emVixxyMjjiBYCSQTVRzk24HD/GO/q1jxyIsVh/nGnKhYeehv86/aE8uz2BxUNdJI8JYK6tuBpDiim5caxvM3aG7xMrA2BiBUH+njjEJ6tSBUfkQ3Jk8KYAASCSKwWLV/bBM42iDNUYd36icJgvBJdxF4nrGiS5g7mCdMHETbpbqq3ER9d2MAYoHkYZEMdGibkB9UCl4pABHjUM0myiuIyHBPo/crQL0SDJQ6IuNArARAeL2KKhR3ORtOO1j5WE0ZjQLId7/73ZebveFEefckTgY4kupEwBmO3LM28KSTTmqMSG8K4VB5BRwxIO5iAVcReZJCXCXvAKDmkfyxCd0222zTlM/MGgUQRqBEQ1FyalO+3SVw8HTJ04rJd2wWrkwu2lbBsMbs0gBOVBCVGks6syk4MQRcNa7jocqXQbMZNZmQoiPhUbJnU0ajAGITiHLBJoDI2xY8NLw4Us0dUyzLFzgEriTRFW2WpmzQoM5TgijPlcCsOJGs3ZVWWimk3PNixVoQ8wcOgBHkpfo26QiERgHEYst7AhL2hhSQ6MKVecrTpB6DyOfREgOJXRAZkmn0bgWkoMRujSoFea6otJIXechiHQ5XsJQWdglwyA9r0mgcQHAjHis6rkKcGDC86qqrwr9Ffqli+jFJs+B/J3GoA2n0bgV4rUgEcRMFbI5AoDrxMLIHHaxjCBDKi7MPPFtNa0HaOIBQpRA+9UkgLKZ6yCBlm8g54tGSI4VzkSrcw5Lq6vj4e0dKw/cksSGtRLlrSQuSXO0Mz5WkRLZGPHYCYARSqWGAlFe9mrAyjQMI6UHFkjqheEkNCG8WWwNAonuR94rxaHPERRjvY2372YQNHY85ymJmjIt7YFKcIbxZBuYEIGwTXivpPoqoeBYxsVYp8+Mx527f0TiA+FCFTmwQXAwgcCX+d56qKFHk/Ei7ZpOoiCNN6M1NKdTpdkP7fR+iZ8+RGioy2RzKDGKOnDICEXaqFGkPMKQ3G0ThVdNGIwEi5UPQEAeTwkBycDtKP7d5DHd2iICUNGxpIDhakwp1BpWQYuEaiS2dhdEtrsH+YJBjQtLrMSuSRE08CW4vmlIklV/7RgLEByB24lrrUXk9XIsMeKJftihQkBw2kv7LoASeOnlZ402kXNdc0oNaX2I9SAcg4PhgB7I1qK/AQu31M/c7l7tgIi8itVhxWhNHYwEinV2thyQ5XhJ6LvVJKjrjUUAKgByTYIPUIwCHnk+DOpSt+o5icdYgzVeVIpBQba0vb5X1FcDlDJFSTw1jH/IqKk9WM1JWdzJI39ZqLo0FiORFei/RruTVUQAxQ5XkkIeFawGN9Gob6f+oZoM65CtJ6Ct2Sh+k+VKV5F5hPMoPgIE0939sEoPn0JEPwETVZQ82JTmxuNaNBYgPEclVgy5rF0fL132IpJMyWvyojiNlRH/FRwZ1SJEBjkEGiHiHrATSQRWmVkCkQ/58ErYI41wVo8NWm1IcNVQSJH6MJDjcqdikzSYpwRWgUufAPhFhd32xnn1QADPoAKGmShIVMWdnqDsRKFRiWyxK8y2kvOubPBotQSy8BEX9mPjYi4RP/DMeAYiHS19fzd/WXnvtgdwzcRsq46BKEDENa6i/Lk8VAHCGFF3ngMR419mxydIDkTQeID5CGrxyWMZgma5LJyZBqARUskGMhwCxmM4gZh5jNlQmKisJUnYuOtBwnijrbVJaexnHHAqAUKcUUkkvKTtMUgoE43HrrbcOiYyDWPIJ5PT5QYwXcNlKSGTDycYt62ulw6K0E4VRdXoBDKRIHxYJYnGlWdN7uRtbdUqkLxt89QzNQcwJwn0H1dsjKg4ce+65Z1jHfC1OJG6NIbjX2YNNPdV2qLxY+Y/hi+dOxH0lxRW5V+zwofJNUDFmmw4q5xq0eXHrCv7JfTOKNR2kuCRSkXbu96blXA21ihU/zubwmoiaF1vsxz5XVABloe0ayg0acQ7CfNh3+hxHFbZow4kxia7zEg6iitjtGg6FDZL/eE3StKGRnNjKw8LrJRXFRg6iod7tRvbzPswF46GeFr1S0VMoeVFzvSYf+dxqDYcOIFHU81rhaEVdmaEuC1gBVdNdkP0ERf7ZmIoCKVm5xTMG1ZuT2LxarVTb8Zpjv94zdACxUGrXY6sfqlTRaBfdpSMz1id6sJ3iYaATPZey9zPOzdPpUfnBKKd6GVoANanWvOpaDyVAfDyDUhsa7lwqVR4kku3UUauRnkhXJGknZV9y4qBGnM1RgZr6/nwmNHBQubh/FUO1ajdalQgH+bqhBQjdWAtS9QpsEXUhEQxclrwxup/MNNNME7Y/5ugYBZx3UAnMwTe6lfD+Rdc40FhPWQqaaDhta1jtuaEFSKR6m6huQWIjjqfWgq4s3mCTywKLE4aaAXsxr591EqPhxuUuJ5HVraizyZ9tOGBT78l0hh4gcZUcnxaPb1NDLWItkdHPaZSvgPwwCYkyo/0cj1ErO7lr2NZyZABS3Dgb7rTXJvWJnQjiUz8jet7UgqexrtnIAoRXRp26k6gGuYJvrBs8lvv1t3JylLLlYYmM112PkQUIA1kWMBtFkmMak6+ApEM2hqzcYTXCO+37yALEwjhsRoaqcy4m6tCbThs0Ub93GI+6GZnPDgUa1THSALHpEuvUrsdesqNKCMXv1utYrXnZmYOjsk4jDxBZqpqdpebWryR5rX00kBj1rOeRB4hAHR2bIdqqjmRUOGX+O0XJOTDYaBMZSB2EtR95gAiASZWgYqWYyP8nSfEOfa1kIQxqAdd4gWfkAWKhpVPgmNIpRr0DvM7tjq8jUWeeeebxosOBfU8CyEtbwxjV22nVVVcd2M0aj4np7qinWGxGPR7vHOR3JIC8tDsyfBX8HH744T1xa6puPO+884L7WIMDvblU2rFzWrmUJfxRZ4rnsUfiEdhkG8hSxuXVaBjF037HQmzc3hrxKTgb5B7GY/nGuvcmgLy0YghTbYO/pcKPNQ1eHEEnR80i2DmS/ABDsqTsXbEFf1Pp/NGpUDBOLQviBwIgc59n+H9/gMRzzFMGgB5VvRgydKW0K4hSQ1MsjOrFO5r4jASQ3K6pbdA+SI1GPGdkLJuK6BCyv4EkPwAQIEgNfyJBivDH690T/1281z0A1isj2klQjinQrmcQWyKNZR/Gcm8CSGH1NFzWRFqaxahwUSCWbkNd0wg8jf+tQAJIgRro+hL0lltuuVBJN1ZVa9CJjbRSWXnNNdeExM1RTUos26cEkBYrwwZghyisGvaCKgVRCqHYH6mJxeTEkABSwjqkoGgNpF5kWGMjHAHqPdTDj3pKSZIgNXWdhx9+OATM6OQ47CAfi1bz08LlvGMkJJtLgHTOOefs5jFDf0+SICVb7LxAwUOeJEcmMGB75THKv1Ls4aSTTgrd6aOny3t0UPdO8ZFeD+/hiLjqqqvCNwkKzjHHHL1+zVA8LwGkA0A0n6OGaJymu0e/PFvUHadgGWIi/VLreKx0c9E4j/qo6VsCSDmWE0DaAERk3SEw8ewRXi3nYzR5OB+F1yqe4eHwIZHzJEFa72oCSBuAiA3ohmLw9mhEp4NgU1v7OyJCx0nZy9E7pzuJmE8CSAJILcbPBmHEOnbMoLcDiZNdRZvLTliq9ZJxvFiumcODnPgLHNGe0kCPEyIBJAGkFjkWARJvZtg6pIfqpRvioDczkKoiwZEq5XAbDof8SABpTxZJxSpZHwYzCXLGGWe84gqR5+OOOy5zFruCokFvGaR1D0N86aWXzrbaaqvJMgM23HDDIEE4BtKYfAUSQEqoQjQdQBi0rYZTdcUQcOVBPHTTnB988MEg7YBDY4pWg+MBQFIUPalYtRhkJ4BIZyddLr744qDX61U7SEMvYvbSaqutlpESZW2NEkCSitUV3XYCiIeKRvNyOVhmkNLEY9q+g4J4qdplASSAJID0DSDRu8VNet1114VTYKeffvqu3term55++ulwMNAyyywTUtg7Rf8TQBJAuqK9KhIk/2ClujxfbBLq1nh7t3irqFVsDi5bpbNVRgJIAkgVOpnsmroAYZM4XuH2228Puv9413SLc7CFFl544XBOedVWqgkgCSDjApBok/z4xz8OvX4drTBewUQHljqiQC/d9ddfv1bmcQJIAsi4AcSLNFaQPn7UUUeFLN1+e7eoVZtvvnm27bbbhvT8ugdpJoAkgHQFkLJIetWHafkjW5Z3S/vOXtsk8XxDTSZkG6+zzjpVp/aK61IkPQGkK8IZK0BE3AUTzz///JAcuNBCC3U1j7Kb7rjjjpA8udZaa2Wbbrpp17XzCSAJIF0R5lgBEl8qkCigqLWpepJObtdOk5U0qZ5Da1ABQIHAsYwEkASQrugHQNRMMLrHMhQo3XjjjaFASXPssRI0wGkurYBrqaWWGnMBF6New7yUzdt6l1MuVgn1AwgVRvBvrAPXdwaJ2ARJIrO2bjshQDvxxBOD5BBzcXbHWKWR7xJUpAImgCSA1KJzTRvUpOP8vRpPPfVUOIvEibEybNWbd/I68Yo999xzmdJfJ/M6s2OGGWbo1ZSCJFJym5o2JIDUIiocX1QaQfZy6Ld75JFHZjfddFO2yiqrhOpEza2BJQb3BB2B4sknn8xUAV522WXZkksumW2//fahAXYvB8CK/pNIaUy+AknFKqGKe++9N9R9iE73Y9x///2B8EkF6lbs1etdsR8vTxhpA0hzzz13P6YRov7qROadd96+PL/pD00AKdnBu+++Oxxiuf/++/d1j6ldjz/+eOjgrnO74YgExyXMMsssPVWnWn0I+4ObeP755+/rdzb14QkgJTt32223ZRdeeGFI4RjmISVmjTXWyBZZZJFh/syuvy0BpGTp2Ai/+MUvgt4/zIM9tMQSSwQbJ41kg1SmAc0ZnF0oV2mYh5JiZxEWmzkM8zfX+bYkQUpWS6KhhgwrrrhinfVs3LVXX311prGDhMc0kgSpTAO6DYoyL7jggpXvaeKFd955Z8gW0EUyjQSQyjTAs3PQQQf1PV298oT6dKF0+V122SUkVqaRAFKJBhCNqryLLrqodkpIpRcM0EViLauvvnqohux37coAfXblqSQbpLBUgnSOIhPVVmcxCkPdiui9o+d6XbfS9PVLACnsoICd/CQVgVqLjsLQmlRForwzAco0/rcCCSAFauDVYbjusMMOI0UnRxxxRHBIDLvXru6mJoAUVkwHdNmtc801V921bPT1DzzwQMhePvbYYxv9Hb2efALISyuqZoOhqt3PsKeXlBGRtBM9ejkoelFr0mtinYjnJYC8tOpqvAFEcuKonhXujPg99tgjAKTXNfQTQdy9eGcCyH9Xkc2hl5UO6NLLR3lIv5fFrMfWsAdJq+zzyAOE7q1Fj1iAmohRd3Nyc6uFEQPSSmjUbLEiaEYaIFLaL7jggmzSpEmh9iKN/62AGpXjjz8+W3PNNUc6FX7kAIJDaoAgld0BMylJrz1bkLTpgCAp8Y7AHjUJO3IAYYjecsst4RxyVXSjtuF1pSSGorrSOe6LLbbYyDkwRg4guoQYnbqJ1CWkYb9+VNdt5AAy7IScvq+3K5AA0tv1TE8bshVIABmyDU2f09sVSADp7Xqmpw3ZCiSADNmGps/p7QokgPR2PdPThmwFEkCGbEPT5/R2BRJAerue6WlDtgIJIEO2oelzersCCSC9Xc/0tCFbgQSQIdvQ9Dm9XYEEkN6uZ3rakK1AAsiQbehYPyeev37ppZeGE65mm222cICPdkCjmPmcADJWihqy+5Xc6myiV1YcypD1Cpt22mmH7Gs7f04CSOc1GqkrnMmogUVxKElWXThqIwFk1Ha8zfcqJtMTLNZ+5C91RuJ2221X+Vz2hx56KJtuuunCn0EaDmfVg1jBXJWRAFJllRp0zSmnnJKtt9562dRTT/2KWTv33UE5zj8sG/rz6vTeajhHXe/eZ599NvvlL3+Zvfjii8E+UWXYamiGAXDm0em9VZb3iSeeCNWMY1Xz7rrrrmyqqabKnDasorTTefUJIFV2pyHXsBvOPPPMbLXVVgvEqxkeoxsROFXX/00xxRThaxjc8Xd+Vqev5vzQQw8NtfrFEQFy7rnnhvakjq3Wv1hNv5+jAf/000+H9wHS888/H94366yzhmbg3ucdRnxf0fA3Zx3nPcPffq+J3WOPPRbAFjl/2fzjCcHxfn97pp7LfufQVP/n3wsvvPDLAInXm1sETXj/f2/6v4bsf5pmmxWwjfoKkxCIj2GNiyNMKgWAaL6Ag2rKjXiVHSP8SIDUKEdT33DDDZO9iRTYcccdQ6cTBjsufMYZZwSO7mfge+aZZ7JHH300PM+zvANBImqAAY555pknECyC9+7ikQv+nxo0++yzh/ZDus0g2BdeeCEAEXjL5u/7HJtnHu5nS62wwgqhQYc5mY95kn4RKDPMMENwSCy11FIZtdA1fnaNNUsAGRLYUY+uu+66bPrpp89uvvnmYFBff/312eKLLx6IFoH6+eyzzw5N4c4666xs5ZVXzm699dZgc8w333zhyGnHsfldnm/i1iQBG0SDPW2SEP3pp58eiNx5KohKAz7PMAfcF7F5HiLXYgnHfuSRR8Jc3vOe9wRgLbDAAq/YAXP2PCC47777sg022CCA1vy88/LLLy+dvwc9/PDDoQOLQ1gR/pZbbhmAbH4AGiXXFVdckU0zzTShOd6NN94YeqIBrjk7r9FzMJcEkCEBCB0dSKgzWvU41hmhIQCu2wgQKpKj5RzeSRVDkM8991z4WawDp3b8tb/1xmJHLL300sHYXnbZZYOUIp3mnHPOABbqlv9bfvnlg3SaccYZAyE78x2wIkD8jr1COpgXcHqfXsD5wYtGqiBOHH2jjTYK8wEoKtaVV15ZOn+gvuaaawKBAz5ptMkmm4TGgMsss0wAgO4swOc5ngdM7vE9vlXLVd8eVcUEkCEBCJWBEYs4qVYIFMdEgPRt/0bYuDzQ3H777UEN0qybqoXbAhXCBDSgOe644wL3X3fddYMq5TrGrWeQELguIsetjUjw1CAERzJ5N9WI6uNZ1B/zBJJFF110Mm9SVO8A0rXmdM8994TvcB+1p2z+JBTOb+7ucy3GYPgdlS3aQ9aIVKSKRfUz/h5ASEHXJIAMCUDSZ/RnBRJA+rOu6alDsgIJIEOykekz+rMCCSD9Wdf01CFZgQSQIdnI9Bn9WYEEkP6sa3rqkKxAAsiQbGT6jP6sQAJIf9Y1PXVIViABZEg2Mn1Gf1YgAaQ/65qeOiQr8P8AZpyW1EEBPq8AAAAASUVORK5CYII=','What is your oldest cousin\'s name?','rizal','andres','21232f297a57a5a743894a0e4a801fc3','Bonifacio, Andres Matapang','1','Kamagong','N','FACULTY','N'),(33,'Pilapil','Pedro','Pilipe','midgrifter@gmail.com','09069266659','iVBORw0KGgoAAAANSUhEUgAAAMgAAAD6CAYAAADk6gg4AAAAAXNSR0IArs4c6QAAIABJREFUeF7t3QncbVP9P/DdRKEkU6JQiMwkMidkJpIpySUlU2UIiSYUMhcKyRQhQ+a5zJV5SMYUKUOiqDT8/r3X39K279nn7H2ec57n7HPWer3u6z73PntYe63v5zt/v+tV//ffkaWRViCtQMsVeFUCSKKMtALlK5AAkqgjrUCbFUgASeSRViABJNFAWoHuViBJkO7WLd01IiuQADIiG50+s7sVSADpbt3SXSOyAgkgI7LR6TO7W4EEkO7WLd01IiuQADIiG50+s7sVSADpbt16dpdMnz//+c/Z448/Hp45yyyzZG9+85uzV73qVS+/48UXX8xe97rXveL/ejaB9KC2K5AAMsEE8sADD2RnnnlmIP4pppgim3rqqbMVVlghe/e735098cQT2U9/+tPsL3/5S/aPf/wje8c73pGttNJK2Rve8IYJnvXovD4BpI97/e9//zu77777sl/96lfZ73//+2yqqabKFltssWyhhRbKXv3qV4c377rrrtn73ve+bIEFFshe+9rXZn/4wx+yhx9+OFtqqaWyW265JXvjG98YrgUS//+nP/0p22233bLpp5++jzNPj44rkADSB1q49957s2OPPTa7/fbbsznmmCMA4u1vf3sg9Lvuuiv8vPnmm2c///nPs4suuiibNGlS9prXvCbMhMr1t7/9LfvNb36Tve1tb8umnXbaIF3i/992223ZlVdemR1xxBEv39OHT0iPfGkFEkB6SApshVNOOSX7yU9+EogeMEiF4rjiiiuyt771rdnPfvaz7OMf/3hQq+qM6667LkilPffcs+Xz6zwrXdt+BRJAekQhbITTTz89e/TRR7NNNtkkm3LKKds++frrr88eeuih7GMf+1hXM7jhhhuyd73rXdncc8+dPfLII0HqAKP/m2aaabp6Zrpp8hVIAOkRVdx4440Zg5sRXWU89dRT2R//+Mds/vnnr3L5ZNcA5D333BMMdrYJT9jzzz8fpBH1baaZZurquemmV65AAkgPKIIxfvTRR2errbZaZQ8TdYxd0UnStJvec889l3nOW97ylmDf/PWvf81++ctfZo899lgw/tMY+wokgFRcQ16k8847L7vpppuyGWecMRA2Lr3uuusGyfGf//wnGN9VR6x0zsc7qt7b7jpgveqqq7J55503eMfSGNsKJIC0WT9E/8wzz2QnnHBCduGFF2YbbbRRtvLKK2evf/3rw1249y9+8YvgTeKWHaTBxuEFe+GFFwJ4Z5tttmzOOeesLOEG6Vsmci4JICWrT8cnLU477bRgJ6yzzjqNcqtStzgMfve73wVbh5QTO/n85z8fJGAa1VYgAaTFOv39738PUgOBrb766oHzlg3c2YiBv2rLPv5X/etf/wpR+SeffDLbZpttkqer4hYkgBQWCjgOPPDAoIqsueaaIZLN6OVKZXfgvrPOOmvIjTJwauAQJa8z/vnPf4bL43Pq3NvttewewUmq15JLLtntY0bqvgSQwnafeuqpId2DSsUjxH278MILhxQRLlSxhnzioKj5XHPNVTtgxwNlvOlNb+oLwXEqAG2M0MeXkCQPPvhgBqDULvPABJZZZplswQUXbJQa2ZeFKzw0AeSlBaEqsTmOOuqobKeddspOOumkbL755svWXnvttvvAGF566aVr7xXj35huuulq31vlBpLN6BQ09N2AwkP361//OvvkJz8ZHBGYQa89bFXmPWjXJID8d0e4RnmjpIksu+yy4ecNNtggm3322dvuFy4MVO6pOxjPRh3XcJ13PPvss+FyuVxVh3t++MMfhoDjRz/60WzRRRcNGcajPEYeIFSMyy67LHh7EDzOKRpeRfXBeen10j3qDu/jJpYa0o/RrYTyPfK8JESSoJttttnAOyD6sX7xmSMJEHlL7AwZswgVUUjXEFxjvFaNbks6JD2qXp/fSO99+umns0UWWaQv++vZRrdp8e4/+eSTgxTZeOON+zLHJjx0JAFC7xZtlix47bXXhuKkVVddNUTGW2Xflm3kj3/842z99dfvap/FJoCUA6AfQ7GVMZacLIb+kUceme2+++7BczeKY+QAwosjyU9k3N+bbrppSEvvZsjeFV3vZiDgu+++O/vABz7Qze0d7+kFQLzEGnFzS8sfRaN95ACiSo/hKcFvrINRT0fvZgjYKX5aZZVVurm94z0klDHzzDN3vLbdBeyyb3/729nnPve5UC8/amOkAEK12m+//UI6eC8CdD/4wQ+yLbbYoiuaYUQrmJLs2I+B6xu9UI2UCwswcgH3Yt368b39euZIAUSA7IILLsg+8pGPBLVBVV8xkFZnoceiYolT8J59+MMfrvPKytd260bm4v3tb38baujVvwOyyDvVtFPaTeXJNejCkQKI+m8tdcQ3eGmoWyLIddNE4v6OBSBSWnQz6baisBONSY0x2sVygFR+llgJD94MM8wQMn+5n6lW4kM8fuwQZcTmfMghh/TNNd3pmybi9yMFkEsvvTR0D4kDIfBE8fSIhsupqtN/im6+3XbbdbVvXMsA1i8XKhe2oWlEfgCAFPhzzz03ED8ng1STTsN8b7311uzwww/Pttpqq2y99dYLttywG+4jARCckNGqOVsrQ5PqpRGCtA9BPyBR80HatGuooIrw05/+dCfaKv29qLX69X6MO+64I0gE6lEc1Kc777wz5Jd96EMfCoHAusMzvvOd74TnAkovnB115zCe1w89QKhSGhyIb5AU7I5WA4cEIvlIakEMaob/F+0WKymmtI9Fgnj+xRdfHMp0+zHOP//8bPnll385I4AtweaRpfzBD36wa7XSXEkhc1dXv8MOO9TuytKP7+3XM4caIAxNdR2LL754IPA6eUU4JcAgLAE90gdh5WtDBNG23377rvfmmmuuyZZbbrm29zOOjToBTNfry7XlllsGJwRV8vvf/37ISPZnLI6JOFnMQ5CVIf+Zz3ymJ8/seiH7eOPQAkSgbO+99w5EwtXZbUETCcI4RQgyXqVuiJ4j2BNPPDFk+3abkUtaAW670W1afAQvQvYzSTXPPPP0lJCBl6QaZu/WUAKEiiQ9AvHyzvRyxH5WG264YYgNyMPqtjkCzt5JqnWTlSuJUsvTNdZYIxjWVCJStB+DO5k3jHQdxjF0AOGZOfTQQ0PlHwLpx2DoaiH6/ve/P6S7d5tuUmVu3SQdMv5XXHHF4Gi4/PLLg8epXwE+DhDvIKmHcQwdQM4+++yQmdsv92kkAm5UsQb9d3fcccfKtKHO3dBlpMoQtGNY5xstIEru1VZqo99F5wEbRzJktypglfm5Rv1MvzICqs6hX9cNFUBEx/faa6/QNI2Ltp+D2sKVesYZZwRbp0rKu/JcsRh2Db2dTdBpeIdjD/Lf4zu5WVvFIDgVcHRuXHZTMQ7S6X3d/J6Uoy5SZ+v2Ge7mfeN5z9AABMFqaYMwZOeORwCLkcpLttZaa5W6j+NmxvgBVQTnl8fF+9MJWFdffXWwcfLRfmpdWdMFtgebIAZEO9k4vSA2a8/ly/X72c9+9uW+Yb149kQ/Y2gAcv/99wev0rbbbjuua0oqGK2cAfmWQFLbOQ+4WQ0NIVQtdpIiP/rRj172msUPk6pfZl95ruDdO9/5zlesw3i0JwJOKu63vvWt2m7pcd20Gi8bGoDg5PT697znPS0/n1qDs1JBqAO4uHgA4xWXpad3Ex9gU1B5WnF0BUd+BzzSShRlRXtAXEVpa6dm19/73vdCFm0cbAwJl7qutBrHHXdccBoUmzWwZQCyW9XT+gG4NBU/k2icAEVJHR0E/fKa1aDtnlw6FAChvnzhC18INQvF48lsJoMaB/czEMTjzgDD9dQcCXvSUOp6e4BN0qHCq1ZDzQhuDyCf+tSnwruB1DuVtGriVjaAAcHnr6HvSx5sFWBkc5x11lmvAJRncxUzpB3tVvZ93gXM5mcdioFJa+c5VClxIT8DjGvz8RVuXxLuK1/5Sk8IdKIfMhQAkWmKcHDo/LCR9GJEwajFPRUQAUWe87ElcHscthspIuFRHKBVBxEeJdF3hna0C8RP1HoLsrEvymo2ENvNN98c3LRxiHEAZStJCaiem28E4duARtpJqzw0wJDVTMIgdOtEyrULrAo+CsQKYlKrSENp+9bW7/bZZ5/sm9/85piLtSYaHN4/FADZY489AnfOG6Q4naYKsnRFv4ugaLf4iKYOUEgE+V6t7ALgIb3MEVfG5REXtUtVoXSNspoQ4GZL5O0URVb+r+gmxs2pmdSxPHEjYGqg0t6iOoSBSEkBYM0nqE11JSiVi7ub/ae6EhOQ8+Vbu622HARgxDk0HiCIkyGbb/BGmiCMJZZYoitjUTMHKhCOWzVFBffG6YuqCXXI/L785S+HNZc57NmRwOVIfeITn5iMeKk0Uss1sYuDoS0IKv+r6J2iRuLo+fp6oGEwuz7fxigmZnq+6spusnqLROwAny9+8Ysh/mTdDzvssDDX8fAm9hNQjQcIYpaUiAviZr3ywwMYYtfYrQpXRfjeXcwWprpQqVQxGuowqILRVjrnnHOC5CkSPFVFl8d8EJKnji3Ryt4hLXWhj+8nHdg4nAdaisYBHDg+O0FOWVl2czdExxYESNLKXNmFVdaum3eN1z2NBwidnMFIkiC6dp3Y6yxqPMKZbYLDdioqMgeqTPFINXYEtUpE29/sDh1C4qB+ScMvHklADdPUIdpV5nPMMceE+pFiZNy1csR4tqLEEyzEvYs5UjKTqWlSUcbSEqhsLUlvwCaxAKTfUfw6e9rNtY0HiKCZYic6vT/xcJtuFqPVPdJW5F3Jum0Xs6D+iEFwb+btF9za7wCX9CAZpGVEzgpUCLloqOPAjPEIOIYwg11QMj88WymxvLBYvKTnFwmCk+fXA8hkJLM3+nlGiG92TPW+++7bM4bVq/2s+5zGA+Tggw8ORivvTSdxznDHadkF4gSIVSoG92dZZVyMn+C6VC6R+rIRDda8Th9LX3mxeLQQMqdBlHRl3UfMk53iPiOeGFVMHSE9SKYYqCQh5If5piKzADAqVVmaSl3iaXe9+ZqbbIEmj8YCBOfkIUIMyl7LjEEgQDS6tSN2qgUuH4nH73igGM5iC+1UKQR2ySWXBDUHkbWqyaaS5Z8Ru4tQ/0g676Y6RUmAuKlnRdXw+OOPD14g8/IN/l30UFkD3w8cnu860gSIW6WwUH+6bUVal8hJv5133jkY6v1q0F13Tt1c31iASOLjWuTlaeWSRTzcqNQjXNphOO2IA3HxxHRSPQBAOgVwiEXQsdV+FwOUcTOihCBdqD3uoX4I/nGrilMAXj4S7x08X2q+46GcVK1iHMN1nkv6WQP/JhnruKi7IZqq9ygIE/XXi2w8csKqzqvOdY0EiJQRkVopFfmmBPkPp8PjmIJX1JJeuxvZBLg17s/3D2BAwpagxkS3akxvB1aBSpKCihdLeM2ZBKN6xcHDBEjmDbSeke/Gkv9O38j2caZHP4ABgPE0rHiAUB0Cw8RkLverB3GduXRzbeMAQk3iY8d9uUdbxSkACDfFWTtly3azaPEe76G6ceGKOeTr2P1srlGtY8Nwt/pDugmmaTtq/qr+2FAGiUJCeSZQ+w7ct/gdvHbcx1zcAIkI88M7AJGXj/TsZJ/Fe0k5gOO29gzvjmtsbkAoYyDvFGi3hgx2Kf6i600cjQMIgth///2DflsmtqklNrWXUgMRk0oIn07t2DVGNDWC+kOSeS8Co3/72WCo+rej3ahRCNZ98ZgFBIeQY+oIm4hUirXqiDTPBBBc7OWlzlwLHmn+Mf7jfVy8gIWgETLwdVoLQUbqkHfLOPZ9Rn4dY0YwxqB1EDsOk2onuayDmnjZAoN2VHYVwDYOICLWNmS8D6EEENyfGsVmEEhU3ouQSIKyA3eoR9QrHQzVShiyeKWRcArg/ohZPAQxAwtVjKpG+sQOh95J9aKicUqwew444IAgOcxD3QgAi22IjgOtoCI3uP/3DoMk8jtSQB6Yf5MYVDmerzqBVvd4vnkXvx8wqJG+g3Rlh/Di9VOiVyH4utc0CiA4F27pT5UToOouRrvr4znjxUBgp3eQCGpGcOh8ijrCBxqqIknIpkJEuLj4he9DgPH4ASkkgoaxcIrt4X7SifuZlGCzVLFDYhoLrm5eJEG37Vd9h31pFRDk6uWCxwSU/5rfeDO2TvvT6feNAojEuhho6/RhY/09HZ865X0MVRzYaVDFQqRO7yE9RM9JmVZ16FJl6PuSFrmgDWoOgkX4Oj2OpW1Rq/l5p4Chcwjzw7eSRr1iPtaN1ON2BkpZ1+IidaRUp/Xt9+8bAxDxAlxWJ79uuV2VxaQ6ISDESf/G3WOtCHWq7rtJgeiyLXNHa1BHEnBDIyoBTVy3H209EaoESWoc1ce7owRgv0hNifZHlfXqdA1bxXrKH+Ny9z4NuzvZRJ2eO16/bwxAqBMxbdvidNtxsNPCinxr6yMYGDuHAIs/VdSX4vNxZcVS7bq4I1rD+/pdGss24P0iKahFbCpAJC31Gsbhq3q8Oq2l34sDScgklWT6RpulKcHDgQcI4sFVVQvyXAmEUXcU+TByWxFtNG6BKHqAEJ9rY0Vh2ea6V5mrY6DzWbBViKHsGi5eBUuDPHjjEDOVrp0HMLqurWcVKUAynnbaacH+YIvJILYemlewfbphOuO5jgMPEFJDrIHHRbIgfV3SH1WrVWIidYErlFeIgUxtwf0BC9eyUVJBIoiikem+uOm4Kq/VpEmTKteDtNs03Los0j6em93uXVRYnjX2AZXS3zxlRa8To9611tR6WcdYkFb2fHErjhX7Ii1f8BYIOSM6nUU/0eszsAChu9NZ1VMgamKfq9OwcSoFi4P9QD1iN4g8W/x8DIEaIU4RVQq6fgwqkjbeQe2gDth0RnXdptETvaFjeT9mQTIjZKoYpmItMJbIjKyfdeRFs0f+7Q8gvfe9721pgHM3s2/kksXkz/j8QV/fgQQIFYrnh8iP3TQYlVydjGSLW9RhAclGuIanqZPo5qO36eIGNpdUqaIyjIUAm3RvlBTsB+n5ZfELjEVCJmmNgUl5KbZAAiDBXapr08ZAAgQAcPbYPQNXx91xMx4Ytke+rQ23qMYE9NuqbW14VkiJXpSbNm3Tq85XLYzOkbKKOzEPQOEaZ2/YHy7x/Pja176WKU0YdFWzuDYDCZCyDeSWVNvN/ojD/7FJGNWdpEb+ubxVpJMzCtOYfAWsDa5vXTtVU+bvth+AIP+LmhtVXCkxMgmox00ajQKINBOiPt+UjGjHlVq13OlklIpSF4NlTdq8fs41SuVuTsCiAahf0RQvtiDi6rbWvTiWup/f3VgJQoSrcdbEIO+nZ1h247f3PLEVeUtpTL4CHBjiJWy6qp1d8k9hwIuiKwyjGkuhkU0wHs20e7mfjZEgvCCMvF6dQxEDZlSINCZfAYyHq1tavmTEbg4iYufxKmrJpE5eMmQsIW7KmjcGICoIqUQx4CZ4WDftw6bQrSUeSgmX/pCM9HJSBRLlBTyKvIRSULhyxTGqDGvNs8XjyAUPIL1sM1RlDmO9pjEAkc7NABTd5oeXwl30lLRbDICSUaou3EbrxNj0ljRj3fy69/NqYVKxuKvK/flDUHkZu2FqVd7Tr2saAxBeEMY5I4+rl+uxTosf6gL9t266er8WvmnPJQ00hZMiX9dVK/jI5sv3GG7K9zcGIPKwNDqQ22Oj1E7UGQKDOGDscFjn3nRtFqS2ZhP5pndV10XQkSTJ191XvXeir2sMQGSCHnjggUHESx8XeKoz6NPOriDmOx1aU+e5o3KtaLnUn26bL7BF8v2Tm7JujQAI7qXMVEt97TcNNkTdITrPtatZdDeu4brvG6brSWCu3277agnmjvfpX71Y/0YARA23g2jYHQ6UkT/Vrr6ibGHUWsgGZssUT2DqxWIO8zOoSKoQZeB2k2DIbtT9vWmjEQDhfdJBkKGo+wc1q278QtxDR0Op5yl63h2ZAogIO5DUCR5iTPpj7bnnnt29eALvagRANGhT2w0YIulOiN1iiy1qLZv6EGnc7kvqVa2le/lihE6CKzWo4yKnmrFBehXk7W723d3VGIAo0mGL8ELxYm233XaVvxjXU82G81XN9q388BG7UJKncoQ6tojYE/d62QGrg7yEjQEILwoPiiDVLrvsku2+++6V15VrWLdCRmKd2EnlF4zQhaS5/sVlLV9bLcWVV14ZavzrZFsPypI2BiA4l1QFXIiatdtuu9XSg7ko5QZtvfXWXRmZg7JhEzkPhvrXv/71UD7bqT4kzpPdKE1IomI3xv1Efq93NwIgRDQjXX8l6dOkgfT2Ogl0NirWQ8eeuBO9+E17v4xcteoaO1QFiG/khRQsFEmvc98grE8jACJRTiavwyglysXjAYoNmzstKCNfVrCu8E0U952+r9+/V3sTT96t2ztL4w2xq6bZgI0ACBtCLchXv/rVl6vbZOPWMfoEuriLgaPVeeH9Jq5heb4uM8qbSYM63kBp76R/XWBN9Lo1AiAWSRSd7SFRTkzDJjlrr+rQgl9v2zrGZdVnj9J1PIkSR8Wh6jg8dEFxb9M6vDcGIER7PB9Q6S0pUKdPLvUqxkGaaCwOAggxJifYymUrO9CnbJ5sQI6Sdmc8DsI3FufQGIBoARRb6UtUrHs4pA2SrOjsC7XSadRfAdnQJLEy2rrGNgnCVe88kSaNxgAkLiopoL9rHfXKvdzEgoU6NNblfk3a0H7OlXNETpx4VN2OiCS4jiZ1itz6+S1Vn904gOghK3WheCpsuw8WSZfqsMQSS7x8clPVBUrXvXIFSBGBv+IZ7J3WydEHiq0kmjZpNA4gEg754uucMaEB3cknnxyi7009bXVQiIpHUbCwTsBVmhAGpYNMnSTHQfjmxgGEmsQbUtdVq6M4NyMpkkb3KyBoq6VPnbp0Lt6mGedxhRoHEFm9DrGsayhSyxzeIoqeRvcrYA3FlOqoStSrbgrcup9l7+5sHEB4oxwGydhudaRZq6URAVYHwoNVt+FA75Z6OJ7E1evQT6PqITgnnHBCON+liWvfOIDYGNFcXEnX8U6DOsaw10+rV2fvdXrnsP9eCyXrH0/J7fS9cuD0H9NTq2mjkQAhRXQdr+Lq1T9Ls7J47njTNmhQ5yvoByhVpLhERX3N9BVo2mgkQCyyuoROHTZUwOmAIkUlRc97S5oMdRkNVQN/WphqGVQ3wNjbWdd/WiMBgnPJB9I6tN0gPcRA8ueT11+idEfZCtgDp+J2Oh6BBBE/cbhOnQTHQVj5RgJEJq+obqdD6XXScCZFnZjJIGxKU+agQwzJ0I4BiZto9gAcdbKvB2UNGgkQnMu5Fe2ySfXxZaeoPKw6gI63S+WcRnOMeu+IJ1xVfU4TrvN9vpM01i8sns/I09RJIsTvo8I6u97Zg2UBQJJDDY4oehNH4wBiUxzGwkBvV/QkXqKTSZkaxpd/7bXXhhb/8oRsJILxfK5MjgDPt/H+1qRA9jAuyPbhkeHmHHSd2ndIEuSaVZXpW5UeSx70nfF74zHZvhdDkMrjWwUErXVZYPbYY48Np3SVHWAkgu5ItqYVSkUwNw4gJi6z98gjjwzpDmW+9VZHrAGFtjVKR4EnngceD/L07+iVwWEFxcRQcFn/9gdRxeGsC3XyosQrrrhiIBKcmENgvCsWzUuDaHNkd/EaXXLJJaGTpIrMOMzLHP3RaZ2HT5VmtA240IGGBMb5Acy/dSVxrNpWW231CrBQd6mwZcmLDuER1G2qk6SRALHZUh5wwTLfuvMocH3HJcRBqgCX4XeOg+5knyA6YMMJvdOGOzMDcBBjHHK8SBYFQf6onJO9qgOILo69ljTxOGXfJEvAmSc33nhj+ENS0P3jQPyAoFhM7ALH111St/tOhCuOJJfKWhtKDnxTHBoy+F2ZG13mtXWpU7szSKpYYwHCVuDCLUsdaQWQXiw8NYy6Aig33HBDOHoapy0O4NBUAudFlCQMtWWsQAEM6iAJYQ4kofw0ICkOklHuma7q5oCZ1Gn4VmW95FkBSFlDcFLb+tTtH1Dl3eNxTWMBQo+W2VtWwsnFS0r0q/Yjng/uPWrdnceHc+dVsLiB5oGLHn744WM+nwQgxHW8K3L1PKFQobxLfILurwMJW6mTpOiW2AQMzcN7Wg1SFkOp2yq22/n0+r7GAkT6Am5YdqQX45tY7/cRazg6acYDhngFz3Qyp4blB/vG/9PHxzIchybFhl2QH9Qn/6/zJKnFE8U+G6vE6jRXLX0wq7LsXgzEPEiwJo7GAoRqQxcuq++g+wJHnd5Z7TYQEEgNEiJKCUQfDfKim9OpSspT2S2qIHH0PfbYo/Zx1cU5McCdX05iMYzZE5pRSMTMjzhfc45gIl38MedeAYd6ByStYlIYh3ZNzrav0+BhkIDUWIBwXQJJmYpF/eKm7NWxw4qu6NsIgg1AYnBdcn/yfJFkfmZ79Ir4uiEUtgi9nxOB98rPQMVjxZDmPOC46FVmLQcG13GxlBYTOe2004KHz1HSTR2NBQjdVocNhmcrEPQaIK04OeLwh4rBFUyaUfvo/uOdHCmqzaXLicCDRUoAg7Xxp9fGeVyPMoDwrpGiTezont/rxgLER9Dz1RpIgiuqOP0GSBEwOLcYgtiJeXEfixt0ciOPlbNyw0rl8DdjXEyDROMYGA9JVgYQTMMc+m0DjnX9Ot3fWIAooZXRS9Xaaaedgn8+P6hfNme8zyOk70vdIFGoNv2WJOIf1CWxFob5eNd8c6ezQYqlzFzgnBbsEC7eeL59J4IctN83DiCMTl0WGcDOGkQgmlmrWGOsxtQQMQIGehUjnb4cI+WImk7N+0IaxIAb9Ql3pq6IZwBkNHgF4sY7ct6JkOI3RceCACnbCcdv9V3ctGy2mA1Q9ZvYZLGdUkxdsTeHHHJIyL+i5pHy9kb72H65mzutR7e/bxxASA4Lruw2GppAss8++wT3priHKDGdnMHcLoPQS0PCAAAa1UlEQVQUp0cwosGyUnmcAMOI6glvUKsRu8t7FxcmIAKQP70ygOtuKm6N+P1BtJiEDAA/A36rUfxOQOEZE4BlXGMI7c5zxEyolxpiiHeQGv5IYox9eM3LgUcYWtMkSaMAQn1RlSaFnccIV7QxCFI6hGOi2QF77bVX8N4ASKtAoecI7olZyCWiJpAAVDLPo8NTVxz1htikc0855ZTZOeecE1SG/HCf33Fj8g7x5gDMhhtuOG61D6SfzGWAYHvxtvG6yaciCUTxSVacnUTJD5LQsXSYBXUVY6EykQbUU2nqYiscD63UN4FCALEf2gFZu1133TWk8Vgrz/MO+3HooYdmRx999LirgXUZTWONdBt/wAEHhIRDRCGCy1OCALhc/dth9zYVIbQCCGPWEW7akJIWCBsB0JNxPLEVm+t+HM+/pczjtGIZ7iGpvIOnxp9IYIKTbB//pxO9+8djkKh77713mCtbQNAO1wdwkk2bVt+tIzsGwjXuOuAHIvcDEiYjLYREZt9hIIBGqjghauedd57M6RAB4n7MxhEVjHMVh9JhxGf82+8lOlrLfH7ceKzPWN7RKAkiQEb/t8FEP/WHihTPPrcQ1AleJNyumKzo94gXcVOr5CiROqRM0cBlZNOjN95440zWLuLRTRB31cIGlwQiREDX5kbFMf3xDoQYbaKxbFCne0lDkgHnBhDS1B/uXraZOfBuiYlgJKTEfvvtF076NX8gYL+Jk8ThmeI8iN93MripWwCQT1R0fczFInFE86PXCuhkOtsnzMV7qbDsIAHTpozGAAQYpGkcf/zxQZ/Oe6eoF1QdHBKndA3bAKH4uzgOPvjg0GURcZRVw3mfc73pzlQonVEAAWdmryimIsV0bHRNv925dQnKOrDTnCdv/mwRkhLBSoNHtIjaNfvuu2+pS5gL2X3f+MY3wtFrxUGlo56RniSp9aGKejY1Mw6MCxOZNGlSJl1mPFzQddespY32X0JobYX24uk9fIZNsNk4E7WAMZwfNlBxFG7PQGRk8kDhmsXh/vXXXz8QuPyoMqOadMGBcU3X4sieSVXwb0SomTP1ZhAHNW+zzTYL3+ebFZqRlFqAmjt1ivQhJVoN0lB+F/VIsz5AKw4SlIfPc6SUkFSnnnrqZIesUufcT+3EVNoZ/oO0lo2RINSWL33pS5mjD4yiqGdoO0NEpisOyYDHscpKPUkEgKOf27RWHI2BiahaBSLNASfkJavSfmgiNl3FJC9TqwRJatSJJ54YTtzimCgOfBMzUt6MoMviOQ4y0pRBqg07Tsaycuhi/Mn+GXEPi/s3EetT5Z2NAYjcIlLCAhvFc7pxdq5exqQsXlIE8ZalOiAQCY3HHHNMSP5rVVKKSKSzUNOKXQRxX0Ckvw9qQ2xrwnMkH6pIkGwCapejsVsxB14ntgJ7SyJiWQCSOguEpIfoOeeHtS+uSUzNx+Cot2VZ2FWIdjyvGRqAWDQeJl4uRH/YYYcFI76V3hwXGEhIHgZpWVNrKsNBBx0UCCnWXfPs0N0Rz3hH6usSh++zHuykmFHLhgN8581TSVsN3jjqmO9rF51nzwGYbAbrwUvVqjYkAaTuztW8ngTB6XEfo6yJgN/vsMMOQRdmLIq61xlAA1h50wy3JZ0YuDijYiXcNZ+likgiJx7vdI884P1cnD+PnbVTSEWq8Pzh8nmpGOdfd+7Wm50CaFzspHyrQSIZfm/tkgSpQ5UVrhWMYkwKRiGAVi0vuWKV4XLbAhAuz9CukwbCPUui+JshHlNN/EyV4J0RL2H4xkYHQCPmwuaJte4VPqnnl8TacS5e65WfO4NbfMNaUD3zc/dzDI5WaSUaJ24tSAx2HNe6CDr3sThScVhPIBTEtSfWqwmjMSoWrwuPDHWh6OaNCw0c1B9GI9vDZpAmdRoGAIcgV+yR5W9DzIAnLQ4emVixxyMjjiBYCSQTVRzk24HD/GO/q1jxyIsVh/nGnKhYeehv86/aE8uz2BxUNdJI8JYK6tuBpDiim5caxvM3aG7xMrA2BiBUH+njjEJ6tSBUfkQ3Jk8KYAASCSKwWLV/bBM42iDNUYd36icJgvBJdxF4nrGiS5g7mCdMHETbpbqq3ER9d2MAYoHkYZEMdGibkB9UCl4pABHjUM0myiuIyHBPo/crQL0SDJQ6IuNArARAeL2KKhR3ORtOO1j5WE0ZjQLId7/73ZebveFEefckTgY4kupEwBmO3LM28KSTTmqMSG8K4VB5BRwxIO5iAVcReZJCXCXvAKDmkfyxCd0222zTlM/MGgUQRqBEQ1FyalO+3SVw8HTJ04rJd2wWrkwu2lbBsMbs0gBOVBCVGks6syk4MQRcNa7jocqXQbMZNZmQoiPhUbJnU0ajAGITiHLBJoDI2xY8NLw4Us0dUyzLFzgEriTRFW2WpmzQoM5TgijPlcCsOJGs3ZVWWimk3PNixVoQ8wcOgBHkpfo26QiERgHEYst7AhL2hhSQ6MKVecrTpB6DyOfREgOJXRAZkmn0bgWkoMRujSoFea6otJIXechiHQ5XsJQWdglwyA9r0mgcQHAjHis6rkKcGDC86qqrwr9Ffqli+jFJs+B/J3GoA2n0bgV4rUgEcRMFbI5AoDrxMLIHHaxjCBDKi7MPPFtNa0HaOIBQpRA+9UkgLKZ6yCBlm8g54tGSI4VzkSrcw5Lq6vj4e0dKw/cksSGtRLlrSQuSXO0Mz5WkRLZGPHYCYARSqWGAlFe9mrAyjQMI6UHFkjqheEkNCG8WWwNAonuR94rxaHPERRjvY2372YQNHY85ymJmjIt7YFKcIbxZBuYEIGwTXivpPoqoeBYxsVYp8+Mx527f0TiA+FCFTmwQXAwgcCX+d56qKFHk/Ei7ZpOoiCNN6M1NKdTpdkP7fR+iZ8+RGioy2RzKDGKOnDICEXaqFGkPMKQ3G0ThVdNGIwEi5UPQEAeTwkBycDtKP7d5DHd2iICUNGxpIDhakwp1BpWQYuEaiS2dhdEtrsH+YJBjQtLrMSuSRE08CW4vmlIklV/7RgLEByB24lrrUXk9XIsMeKJftihQkBw2kv7LoASeOnlZ402kXNdc0oNaX2I9SAcg4PhgB7I1qK/AQu31M/c7l7tgIi8itVhxWhNHYwEinV2thyQ5XhJ6LvVJKjrjUUAKgByTYIPUIwCHnk+DOpSt+o5icdYgzVeVIpBQba0vb5X1FcDlDJFSTw1jH/IqKk9WM1JWdzJI39ZqLo0FiORFei/RruTVUQAxQ5XkkIeFawGN9Gob6f+oZoM65CtJ6Ct2Sh+k+VKV5F5hPMoPgIE0939sEoPn0JEPwETVZQ82JTmxuNaNBYgPEclVgy5rF0fL132IpJMyWvyojiNlRH/FRwZ1SJEBjkEGiHiHrATSQRWmVkCkQ/58ErYI41wVo8NWm1IcNVQSJH6MJDjcqdikzSYpwRWgUufAPhFhd32xnn1QADPoAKGmShIVMWdnqDsRKFRiWyxK8y2kvOubPBotQSy8BEX9mPjYi4RP/DMeAYiHS19fzd/WXnvtgdwzcRsq46BKEDENa6i/Lk8VAHCGFF3ngMR419mxydIDkTQeID5CGrxyWMZgma5LJyZBqARUskGMhwCxmM4gZh5jNlQmKisJUnYuOtBwnijrbVJaexnHHAqAUKcUUkkvKTtMUgoE43HrrbcOiYyDWPIJ5PT5QYwXcNlKSGTDycYt62ulw6K0E4VRdXoBDKRIHxYJYnGlWdN7uRtbdUqkLxt89QzNQcwJwn0H1dsjKg4ce+65Z1jHfC1OJG6NIbjX2YNNPdV2qLxY+Y/hi+dOxH0lxRW5V+zwofJNUDFmmw4q5xq0eXHrCv7JfTOKNR2kuCRSkXbu96blXA21ihU/zubwmoiaF1vsxz5XVABloe0ayg0acQ7CfNh3+hxHFbZow4kxia7zEg6iitjtGg6FDZL/eE3StKGRnNjKw8LrJRXFRg6iod7tRvbzPswF46GeFr1S0VMoeVFzvSYf+dxqDYcOIFHU81rhaEVdmaEuC1gBVdNdkP0ERf7ZmIoCKVm5xTMG1ZuT2LxarVTb8Zpjv94zdACxUGrXY6sfqlTRaBfdpSMz1id6sJ3iYaATPZey9zPOzdPpUfnBKKd6GVoANanWvOpaDyVAfDyDUhsa7lwqVR4kku3UUauRnkhXJGknZV9y4qBGnM1RgZr6/nwmNHBQubh/FUO1ajdalQgH+bqhBQjdWAtS9QpsEXUhEQxclrwxup/MNNNME7Y/5ugYBZx3UAnMwTe6lfD+Rdc40FhPWQqaaDhta1jtuaEFSKR6m6huQWIjjqfWgq4s3mCTywKLE4aaAXsxr591EqPhxuUuJ5HVraizyZ9tOGBT78l0hh4gcZUcnxaPb1NDLWItkdHPaZSvgPwwCYkyo/0cj1ErO7lr2NZyZABS3Dgb7rTXJvWJnQjiUz8jet7UgqexrtnIAoRXRp26k6gGuYJvrBs8lvv1t3JylLLlYYmM112PkQUIA1kWMBtFkmMak6+ApEM2hqzcYTXCO+37yALEwjhsRoaqcy4m6tCbThs0Ub93GI+6GZnPDgUa1THSALHpEuvUrsdesqNKCMXv1utYrXnZmYOjsk4jDxBZqpqdpebWryR5rX00kBj1rOeRB4hAHR2bIdqqjmRUOGX+O0XJOTDYaBMZSB2EtR95gAiASZWgYqWYyP8nSfEOfa1kIQxqAdd4gWfkAWKhpVPgmNIpRr0DvM7tjq8jUWeeeebxosOBfU8CyEtbwxjV22nVVVcd2M0aj4np7qinWGxGPR7vHOR3JIC8tDsyfBX8HH744T1xa6puPO+884L7WIMDvblU2rFzWrmUJfxRZ4rnsUfiEdhkG8hSxuXVaBjF037HQmzc3hrxKTgb5B7GY/nGuvcmgLy0YghTbYO/pcKPNQ1eHEEnR80i2DmS/ABDsqTsXbEFf1Pp/NGpUDBOLQviBwIgc59n+H9/gMRzzFMGgB5VvRgydKW0K4hSQ1MsjOrFO5r4jASQ3K6pbdA+SI1GPGdkLJuK6BCyv4EkPwAQIEgNfyJBivDH690T/1281z0A1isj2klQjinQrmcQWyKNZR/Gcm8CSGH1NFzWRFqaxahwUSCWbkNd0wg8jf+tQAJIgRro+hL0lltuuVBJN1ZVa9CJjbRSWXnNNdeExM1RTUos26cEkBYrwwZghyisGvaCKgVRCqHYH6mJxeTEkABSwjqkoGgNpF5kWGMjHAHqPdTDj3pKSZIgNXWdhx9+OATM6OQ47CAfi1bz08LlvGMkJJtLgHTOOefs5jFDf0+SICVb7LxAwUOeJEcmMGB75THKv1Ls4aSTTgrd6aOny3t0UPdO8ZFeD+/hiLjqqqvCNwkKzjHHHL1+zVA8LwGkA0A0n6OGaJymu0e/PFvUHadgGWIi/VLreKx0c9E4j/qo6VsCSDmWE0DaAERk3SEw8ewRXi3nYzR5OB+F1yqe4eHwIZHzJEFa72oCSBuAiA3ohmLw9mhEp4NgU1v7OyJCx0nZy9E7pzuJmE8CSAJILcbPBmHEOnbMoLcDiZNdRZvLTliq9ZJxvFiumcODnPgLHNGe0kCPEyIBJAGkFjkWARJvZtg6pIfqpRvioDczkKoiwZEq5XAbDof8SABpTxZJxSpZHwYzCXLGGWe84gqR5+OOOy5zFruCokFvGaR1D0N86aWXzrbaaqvJMgM23HDDIEE4BtKYfAUSQEqoQjQdQBi0rYZTdcUQcOVBPHTTnB988MEg7YBDY4pWg+MBQFIUPalYtRhkJ4BIZyddLr744qDX61U7SEMvYvbSaqutlpESZW2NEkCSitUV3XYCiIeKRvNyOVhmkNLEY9q+g4J4qdplASSAJID0DSDRu8VNet1114VTYKeffvqu3term55++ulwMNAyyywTUtg7Rf8TQBJAuqK9KhIk/2ClujxfbBLq1nh7t3irqFVsDi5bpbNVRgJIAkgVOpnsmroAYZM4XuH2228Puv9413SLc7CFFl544XBOedVWqgkgCSDjApBok/z4xz8OvX4drTBewUQHljqiQC/d9ddfv1bmcQJIAsi4AcSLNFaQPn7UUUeFLN1+e7eoVZtvvnm27bbbhvT8ugdpJoAkgHQFkLJIetWHafkjW5Z3S/vOXtsk8XxDTSZkG6+zzjpVp/aK61IkPQGkK8IZK0BE3AUTzz///JAcuNBCC3U1j7Kb7rjjjpA8udZaa2Wbbrpp17XzCSAJIF0R5lgBEl8qkCigqLWpepJObtdOk5U0qZ5Da1ABQIHAsYwEkASQrugHQNRMMLrHMhQo3XjjjaFASXPssRI0wGkurYBrqaWWGnMBF6New7yUzdt6l1MuVgn1AwgVRvBvrAPXdwaJ2ARJIrO2bjshQDvxxBOD5BBzcXbHWKWR7xJUpAImgCSA1KJzTRvUpOP8vRpPPfVUOIvEibEybNWbd/I68Yo999xzmdJfJ/M6s2OGGWbo1ZSCJFJym5o2JIDUIiocX1QaQfZy6Ld75JFHZjfddFO2yiqrhOpEza2BJQb3BB2B4sknn8xUAV522WXZkksumW2//fahAXYvB8CK/pNIaUy+AknFKqGKe++9N9R9iE73Y9x///2B8EkF6lbs1etdsR8vTxhpA0hzzz13P6YRov7qROadd96+PL/pD00AKdnBu+++Oxxiuf/++/d1j6ldjz/+eOjgrnO74YgExyXMMsssPVWnWn0I+4ObeP755+/rdzb14QkgJTt32223ZRdeeGFI4RjmISVmjTXWyBZZZJFh/syuvy0BpGTp2Ai/+MUvgt4/zIM9tMQSSwQbJ41kg1SmAc0ZnF0oV2mYh5JiZxEWmzkM8zfX+bYkQUpWS6KhhgwrrrhinfVs3LVXX311prGDhMc0kgSpTAO6DYoyL7jggpXvaeKFd955Z8gW0EUyjQSQyjTAs3PQQQf1PV298oT6dKF0+V122SUkVqaRAFKJBhCNqryLLrqodkpIpRcM0EViLauvvnqohux37coAfXblqSQbpLBUgnSOIhPVVmcxCkPdiui9o+d6XbfS9PVLACnsoICd/CQVgVqLjsLQmlRForwzAco0/rcCCSAFauDVYbjusMMOI0UnRxxxRHBIDLvXru6mJoAUVkwHdNmtc801V921bPT1DzzwQMhePvbYYxv9Hb2efALISyuqZoOhqt3PsKeXlBGRtBM9ejkoelFr0mtinYjnJYC8tOpqvAFEcuKonhXujPg99tgjAKTXNfQTQdy9eGcCyH9Xkc2hl5UO6NLLR3lIv5fFrMfWsAdJq+zzyAOE7q1Fj1iAmohRd3Nyc6uFEQPSSmjUbLEiaEYaIFLaL7jggmzSpEmh9iKN/62AGpXjjz8+W3PNNUc6FX7kAIJDaoAgld0BMylJrz1bkLTpgCAp8Y7AHjUJO3IAYYjecsst4RxyVXSjtuF1pSSGorrSOe6LLbbYyDkwRg4guoQYnbqJ1CWkYb9+VNdt5AAy7IScvq+3K5AA0tv1TE8bshVIABmyDU2f09sVSADp7Xqmpw3ZCiSADNmGps/p7QokgPR2PdPThmwFEkCGbEPT5/R2BRJAerue6WlDtgIJIEO2oelzersCCSC9Xc/0tCFbgQSQIdvQ9Dm9XYEEkN6uZ3rakK1AAsiQbehYPyeev37ppZeGE65mm222cICPdkCjmPmcADJWihqy+5Xc6myiV1YcypD1Cpt22mmH7Gs7f04CSOc1GqkrnMmogUVxKElWXThqIwFk1Ha8zfcqJtMTLNZ+5C91RuJ2221X+Vz2hx56KJtuuunCn0EaDmfVg1jBXJWRAFJllRp0zSmnnJKtt9562dRTT/2KWTv33UE5zj8sG/rz6vTeajhHXe/eZ599NvvlL3+Zvfjii8E+UWXYamiGAXDm0em9VZb3iSeeCNWMY1Xz7rrrrmyqqabKnDasorTTefUJIFV2pyHXsBvOPPPMbLXVVgvEqxkeoxsROFXX/00xxRThaxjc8Xd+Vqev5vzQQw8NtfrFEQFy7rnnhvakjq3Wv1hNv5+jAf/000+H9wHS888/H94366yzhmbg3ucdRnxf0fA3Zx3nPcPffq+J3WOPPRbAFjl/2fzjCcHxfn97pp7LfufQVP/n3wsvvPDLAInXm1sETXj/f2/6v4bsf5pmmxWwjfoKkxCIj2GNiyNMKgWAaL6Ag2rKjXiVHSP8SIDUKEdT33DDDZO9iRTYcccdQ6cTBjsufMYZZwSO7mfge+aZZ7JHH300PM+zvANBImqAAY555pknECyC9+7ikQv+nxo0++yzh/ZDus0g2BdeeCEAEXjL5u/7HJtnHu5nS62wwgqhQYc5mY95kn4RKDPMMENwSCy11FIZtdA1fnaNNUsAGRLYUY+uu+66bPrpp89uvvnmYFBff/312eKLLx6IFoH6+eyzzw5N4c4666xs5ZVXzm699dZgc8w333zhyGnHsfldnm/i1iQBG0SDPW2SEP3pp58eiNx5KohKAz7PMAfcF7F5HiLXYgnHfuSRR8Jc3vOe9wRgLbDAAq/YAXP2PCC47777sg022CCA1vy88/LLLy+dvwc9/PDDoQOLQ1gR/pZbbhmAbH4AGiXXFVdckU0zzTShOd6NN94YeqIBrjk7r9FzMJcEkCEBCB0dSKgzWvU41hmhIQCu2wgQKpKj5RzeSRVDkM8991z4WawDp3b8tb/1xmJHLL300sHYXnbZZYOUIp3mnHPOABbqlv9bfvnlg3SaccYZAyE78x2wIkD8jr1COpgXcHqfXsD5wYtGqiBOHH2jjTYK8wEoKtaVV15ZOn+gvuaaawKBAz5ptMkmm4TGgMsss0wAgO4swOc5ngdM7vE9vlXLVd8eVcUEkCEBCJWBEYs4qVYIFMdEgPRt/0bYuDzQ3H777UEN0qybqoXbAhXCBDSgOe644wL3X3fddYMq5TrGrWeQELguIsetjUjw1CAERzJ5N9WI6uNZ1B/zBJJFF110Mm9SVO8A0rXmdM8994TvcB+1p2z+JBTOb+7ucy3GYPgdlS3aQ9aIVKSKRfUz/h5ASEHXJIAMCUDSZ/RnBRJA+rOu6alDsgIJIEOykekz+rMCCSD9Wdf01CFZgQSQIdnI9Bn9WYEEkP6sa3rqkKxAAsiQbGT6jP6sQAJIf9Y1PXVIViABZEg2Mn1Gf1YgAaQ/65qeOiQr8P8AZpyW1EEBPq8AAAAASUVORK5CYII=','What is the first name of your favorite uncle?','juan','jeorge','21232f297a57a5a743894a0e4a801fc3','Pilapil, Pedro Pilipe','1','Kamagong','Y','STUDENT','N');

/*Table structure for table `tblsyr_data` */

DROP TABLE IF EXISTS `tblsyr_data`;

CREATE TABLE `tblsyr_data` (
  `syr` varchar(15) DEFAULT NULL,
  `stat` varchar(1) DEFAULT 'N'
) ENGINE=InnoDB DEFAULT CHARSET=latin1;

/*Data for the table `tblsyr_data` */

insert  into `tblsyr_data`(`syr`,`stat`) values ('2016-2017','N'),('2022-2023','Y');

/*!40101 SET SQL_MODE=@OLD_SQL_MODE */;
/*!40014 SET FOREIGN_KEY_CHECKS=@OLD_FOREIGN_KEY_CHECKS */;
/*!40014 SET UNIQUE_CHECKS=@OLD_UNIQUE_CHECKS */;
/*!40111 SET SQL_NOTES=@OLD_SQL_NOTES */;
